Workbook

Sheet 1
A1: TMS 4 | B1: WR | P1: Page | Q1: 1/2
A2: DAILY PRODUCTION REPORT
A3: 46023
A4: BILLET | G4: PRODUCT
A5: Rolled | D5: Cobble | G5: A1 | M5: WIP
A6: ID | B6: Pc | C6: Kg | D6: Pc | E6: Kg | F6: % | G6: Type | H6: Section | I6: Grade | J6: Coil | K6: Kg | L6: Yield | M6: Coil | N6: Kg
G7: WR | L7: =K7/C7 -> #DIV/0!
G8: WR | L8: =K8/C8 -> #DIV/0!
G9: WR | L9: =K9/C9 -> #DIV/0!
G10: WR | L10: =K10/C10 -> #DIV/0!
G11: WR | L11: =K11/C11 -> #DIV/0!
G12: WR | L12: =K12/C12 -> #DIV/0!
G13: WR | L13: =K13/C13 -> #DIV/0!
G14: WR | L14: =K14/C14 -> #DIV/0!
G15: WR | L15: =K15/C15 -> #DIV/0!
B16: =SUM(B7:B15) -> 0 | C16: =SUM(C7:C15) -> 0 | D16: =SUM(D7:D15) -> 0 | E16: =SUM(E7:E15) -> 0 | F16: =E16/C16 -> #DIV/0! | J16: =SUM(J7:J15) -> 0 | K16: =SUM(K7:K15) -> 0 | L16: =K16/C16 -> #DIV/0! | M16: =SUM(M7:M15) -> 0 | N16: =SUM(N7:N15) -> 0
A17: Total Production A1 + WIP | K17: =K16+N16 -> 0 | L17: =K17/C16 -> #DIV/0!
A18: MONTH-TO-DATE
A19: BILLET | G19: PRODUCT
A20: Rolled | D20: Cobble | G20: A1 | M20: WIP
B21: Pc | C21: Kg | D21: Pc | E21: Kg | F21: % | G21: Type | J21: Coil | K21: Kg | L21: Yield | M21: Coil | N21: Kg
B22: =B16 -> 0 | C22: =C16 -> 0 | D22: =D16 -> 0 | E22: =E16 -> 0 | F22: =E22/C22 -> #DIV/0! | G22: WR | J22: =J16 -> 0 | K22: =K16 -> 0 | L22: =K22/C22 -> #DIV/0! | M22: =M16 -> 0 | N22: =N16 -> 0
B23: 0 | C23: 0 | D23: 0 | E23: 0 | F23: =E23/C23 -> #DIV/0! | G23: BIC | J23: 0 | K23: 0 | L23: =K23/C23 -> #DIV/0! | M23: 0 | N23: 0
B24: 0 | C24: 0 | D24: 0 | E24: 0 | F24: =E24/C24 -> #DIV/0! | G24: MIC | J24: 0 | K24: 0 | L24: =K24/C24 -> #DIV/0! | M24: 0 | N24: 0
B26: =SUM(B21:B25) -> 0 | C26: =SUM(C21:C25) -> 0 | D26: =SUM(D21:D25) -> 0 | E26: =SUM(E22:E25) -> 0 | F26: =E26/C26 -> #DIV/0! | J26: =SUM(J22:J25) -> 0 | K26: =SUM(K22:K25) -> 0 | L26: =K26/C26 -> #DIV/0! | M26: =SUM(M22:M25) -> 0 | N26: =SUM(N22:N25) -> 0
A27: Total Production A1 + WIP | K27: =K26+N26 -> 0 | L27: =K27/C26 -> #DIV/0!
A29: Type | B29: Section | C29: Grade | D29: Coil | E29: Kg | G29: Type | H29: Section | I29: Grade | J29: Coil | K29: Kg | M29: Type | N29: Section | O29: Grade | P29: Coil | Q29: Kg
A30: WR | G30: WR | M30: WR
A31: WR | G31: WR | M31: WR
A32: WR | G32: WR | M32: WR
A33: WR | G33: WR | M33: WR
A34: WR | G34: WR | M34: WR
A35: WR | G35: WR | M35: WR
A36: WR | G36: WR | M36: WR
A37: WR | G37: WR | M37: WR
A38: WR | G38: WR | M38: WR
A39: WR | G39: WR | M39: WR
A40: WR | G40: WR | M40: WR
A41: WR | G41: WR | M41: WR
... A49: WR | G49: WR | M49: WR
A50: =A1 -> TMS 4 | B50: =B1 -> WR | P50: Page | Q50: 2/2
A51: PRODUCTIVITY & OPERATION REPORT
A52: =A3 -> 46023
A53: Time | B53: Billet Rolled | C53: Cobble | D53: Details of Breakdown | J53: min | L53: Parameter | O53: Unit | P53: D | Q53: M-to-D | R53: TARGET | S53: JML | T53: HARI | U53: HARI
A54: Range | B54: (pcs) | R54: M-to-D | S54: HARI | T54: PRODUKSI | U54: STOP. PRD
A55: 07 - 08 | D55: WRM Stop produksi | J55: 1440 | L55: Billet Rolled | O55: Kg | P55: =C16 -> 0 | Q55: =C26 -> 0 | S55: =DAY(A52) -> 1 | T55: =S55-U55 -> 0 | U55: 1
A56: 08 - 09 | L56: A1+WIP | O56: Kg | P56: =K17 -> 0 | Q56: =K27 -> 0
A57: 09 - 10 | L57: Yield | O57: % | P57: =L17 -> #DIV/0! | Q57: =L27 -> #DIV/0! | R57: 0.985
A58: 10 - 11 | L58: Coble | O58: Kg | P58: =E16 -> 0 | Q58: =E26 -> 0
A59: 11 - 12 | O59: % | P59: =F16 -> #DIV/0! | Q59: =F26 -> #DIV/0! | R59: 0.0015
A60: 12 - 13 | L60: 1. Working Time Available | O60: min | P60: 1440 | Q60: =P60 -> 1440
A61: 13 - 14 | L61: 2. Planned Stoppage (a+b+c) | O61: min | P61: =SUM(P62:P64) -> 1440 | Q61: =P61 -> 1440
A62: 14 - 15 | L62: a. Shut Down | O62: min | P62: 1440 | Q62: =P62 -> 1440
A63: 15 - 16 | L63: b. Peak Hour | O63: min | P63: 0 | Q63: =P63 -> 0
A64: 16 - 17 | L64: c. Others | O64: min | P64: 0 | Q64: =P64 -> 0 | S64: 4.1 Detail Cobble | V64: D | W64: M-to-D
A65: 17 - 18 | L65: 3. Delay Maintenance (a+b+c) | O65: min | P65: =SUM(P66:P68) -> 0 | Q65: =P65 -> 0 | S65: a. Operation | U65: Pcs | W65: =V65 -> 0
A66: 18 - 19 | L66: a. Daily Maintenance | O66: min | P66: 0 | Q66: =P66 -> 0 | S66: b. Mechanical | U66: Pcs | W66: =V66 -> 0
A67: 19 - 20 | L67: b. Section / Pass / Grade Change | O67: min | P67: 0 | Q67: =P67 -> 0 | S67: c. Electrical | U67: Pcs | W67: =V67 -> 0
A68: 20 - 21 | L68: c. Section Setting | O68: min | P68: 0 | Q68: =P68 -> 0 | S68: d. Material / Billet Defect | U68: Pcs | W68: =V68 -> 0
A69: 21 - 22 | L69: 4. Break Down | O69: min | P69: =SUM(P70:P74) -> 0 | Q69: =P69 -> 0 | S69: e. Un-Controllable | U69: Pcs | W69: =V69 -> 0
A70: 22 - 23 | L70: a. Operation | O70: min | P70: 0 | Q70: =P70 -> 0 | R70: =T55*30 -> 0
A71: 23 - 24 | L71: b. Mechanical | O71: min | P71: 0 | Q71: =P71 -> 0 | R71: =T55*25 -> 0
A72: 24 - 01 | L72: c. Electrical | O72: min | P72: 0 | Q72: =P72 -> 0 | R72: =T55*10 -> 0
A73: 01 - 02 | L73: d. Material / Billet Defect | O73: min | P73: 0 | Q73: =P73 -> 0
A74: 02 - 03 | L74: e. Un-Controllable | O74: min | P74: 0 | Q74: =P74 -> 0
A75: 03 - 04 | L75: 5. Production Time Available (1-2) | O75: min | P75: =P60-P61 -> 0 | Q75: =P75 -> 0
A76: 04 - 05 | L76: 6. Registered Delay (3+4) | O76: min | P76: =P65+P69 -> 0 | Q76: =P76 -> 0
A77: 05 - 06 | L77: 7. Delay Counter | O77: min | P77: 0 | Q77: =P77 -> 0
A78: 06 - 07 | L78: 8. Slow Rolling (7-6) | O78: min | P78: =+P77-P76 -> 0 | Q78: =P78 -> 0
B79: =SUM(B55:B78) -> 0 | C79: =SUM(C55:C78) -> 0 | J79: =SUM(J55:J78) -> 1440 | L79: 9. Effective Production Time (5-6-8) | O79: min | P79: =+P75-P76-P78 -> 0 | Q79: =P79 -> 0
L80: 10. a. Nett Utilization (9/5) | O80: % | P80: =P79/P75 -> #DIV/0! | Q80: =Q79/Q75 -> #DIV/0! | R80: 0.86
A81: NOTES | L81: b. Gross Utilization (9/1) | O81: % | P81: =P79/P60 -> 0 | Q81: =Q79/Q60 -> 0
L82: 11. a. Nett Rolling Rate (Billet / (9)) | O82: MT/hour | P82: =(C16/1000)/(P79/60) -> #DIV/0! | Q82: =(C26/1000)/(Q79/60) -> #DIV/0!
L83: b. Gross Rolling Rate (Billet / (5)) | O83: MT/hour | P83: =(C16/1000)/(P75/60) -> #DIV/0! | Q83: =(C26/1000)/(Q75/60) -> #DIV/0!
L84: 12. Gas Consumption | O84: Nmc | P84: 0 | Q84: =P84 -> 0
O85: Nmc/ T | P85: =P84/(K17/1000) -> #DIV/0! | Q85: =Q84/(K27/1000) -> #DIV/0!
L86: 13. Electricity Consumption | O86: MWH | P86: 2.81 | Q86: =P86 -> 2.81
O87: KWH / T | P87: =(P86*1000)/(K16/1000) -> #DIV/0! | Q87: =(Q86*1000)/(K26/1000) -> #DIV/0!
L88: 14. Water Consumption | O88: M3 | P88: 0 | Q88: =P88 -> 0
O89: M3 / Ton | P89: =P88/(K16/1000) -> #DIV/0! | Q89: =Q88/(K26/1000) -> #DIV/0!
N91: SM | P91: GM

Sheet 2
A1: TMS 4 | B1: WR | P1: Page | Q1: 1/2
A2: DAILY PRODUCTION REPORT
A3: ='1'!A3:Q3+1 -> 46024
A4: BILLET | G4: PRODUCT
A5: Rolled | D5: Cobble | G5: A1 | M5: WIP
A6: ID | B6: Pc | C6: Kg | D6: Pc | E6: Kg | F6: % | G6: Type | H6: Section | I6: Grade | J6: Coil | K6: Kg | L6: Yield | M6: Coil | N6: Kg
G7: WR | L7: =K7/C7 -> #DIV/0!
G8: WR | L8: =K8/C8 -> #DIV/0!
G9: WR | L9: =K9/C9 -> #DIV/0!
G10: WR | L10: =K10/C10 -> #DIV/0!
G11: WR | L11: =K11/C11 -> #DIV/0!
G12: WR | L12: =K12/C12 -> #DIV/0!
G13: WR | L13: =K13/C13 -> #DIV/0!
G14: WR | L14: =K14/C14 -> #DIV/0!
G15: WR | L15: =K15/C15 -> #DIV/0!
B16: =SUM(B7:B15) -> 0 | C16: =SUM(C7:C15) -> 0 | D16: =SUM(D7:D15) -> 0 | E16: =SUM(E7:E15) -> 0 | F16: =E16/C16 -> #DIV/0! | J16: =SUM(J7:J15) -> 0 | K16: =SUM(K7:K15) -> 0 | L16: =K16/C16 -> #DIV/0! | M16: =SUM(M7:M15) -> 0 | N16: =SUM(N7:N15) -> 0
A17: Total Production A1 + WIP | K17: =K16+N16 -> 0 | L17: =K17/C16 -> #DIV/0!
A18: MONTH-TO-DATE
A19: BILLET | G19: PRODUCT
A20: Rolled | D20: Cobble | G20: A1 | M20: WIP
B21: Pc | C21: Kg | D21: Pc | E21: Kg | F21: % | G21: Type | J21: Coil | K21: Kg | L21: Yield | M21: Coil | N21: Kg
B22: ='1'!B22+'2'!B16 -> 0 | C22: ='1'!C22+'2'!C16 -> 0 | D22: ='1'!D22+'2'!D16 -> 0 | E22: ='1'!E22+'2'!E16 -> 0 | F22: =E22/C22 -> #DIV/0! | G22: WR | J22: ='1'!J22+'2'!J16 -> 0 | K22: ='1'!K22+'2'!K16 -> 0 | L22: =K22/C22 -> #DIV/0! | M22: ='1'!M22+'2'!M16 -> 0 | N22: ='1'!N22+'2'!N16 -> 0
B23: ='1'!B23 -> 0 | C23: ='1'!C23 -> 0 | D23: ='1'!D23 -> 0 | E23: ='1'!E23 -> 0 | F23: =E23/C23 -> #DIV/0! | G23: BIC | J23: ='1'!J23 -> 0 | K23: ='1'!K23 -> 0 | L23: =K23/C23 -> #DIV/0! | M23: ='1'!M23 -> 0 | N23: ='1'!N23 -> 0
B24: ='1'!B24 -> 0 | C24: ='1'!C24 -> 0 | D24: ='1'!D24 -> 0 | E24: ='1'!E24 -> 0 | F24: =E24/C24 -> #DIV/0! | G24: MIC | J24: ='1'!J24 -> 0 | K24: ='1'!K24 -> 0 | L24: =K24/C24 -> #DIV/0! | M24: ='1'!M24 -> 0 | N24: ='1'!N24 -> 0
B26: =SUM(B21:B25) -> 0 | C26: =SUM(C21:C25) -> 0 | D26: =SUM(D21:D25) -> 0 | E26: =SUM(E22:E25) -> 0 | F26: =E26/C26 -> #DIV/0! | J26: =SUM(J22:J25) -> 0 | K26: =SUM(K22:K25) -> 0 | L26: =K26/C26 -> #DIV/0! | M26: =SUM(M22:M25) -> 0 | N26: =SUM(N22:N25) -> 0
A27: Total Production A1 + WIP | K27: =K26+N26 -> 0 | L27: =K27/C26 -> #DIV/0!
A29: Type | B29: Section | C29: Grade | D29: Coil | E29: Kg | G29: Type | H29: Section | I29: Grade | J29: Coil | K29: Kg | M29: Type | N29: Section | O29: Grade | P29: Coil | Q29: Kg
A30: ='1'!A30 -> WR | B30: ='1'!B30 -> 0 | C30: ='1'!C30 -> 0 | D30: ='1'!D30 -> 0 | E30: ='1'!E30 -> 0 | G30: ='1'!G30 -> WR | H30: ='1'!H30 -> 0 | I30: ='1'!I30 -> 0 | J30: ='1'!J30 -> 0 | K30: ='1'!K30 -> 0 | M30: ='1'!M30 -> WR | N30: ='1'!N30 -> 0 | O30: ='1'!O30 -> 0 | P30: ='1'!P30 -> 0 | Q30: ='1'!Q30 -> 0
A31: ='1'!A31 -> WR | B31: ='1'!B31 -> 0 | C31: ='1'!C31 -> 0 | D31: ='1'!D31 -> 0 | E31: ='1'!E31 -> 0 | G31: ='1'!G31 -> WR | H31: ='1'!H31 -> 0 | I31: ='1'!I31 -> 0 | J31: ='1'!J31 -> 0 | K31: ='1'!K31 -> 0 | M31: ='1'!M31 -> WR | N31: ='1'!N31 -> 0 | O31: ='1'!O31 -> 0 | P31: ='1'!P31 -> 0 | Q31: ='1'!Q31 -> 0
A32: ='1'!A32 -> WR | B32: ='1'!B32 -> 0 | C32: ='1'!C32 -> 0 | D32: ='1'!D32 -> 0 | E32: ='1'!E32 -> 0 | G32: ='1'!G32 -> WR | H32: ='1'!H32 -> 0 | I32: ='1'!I32 -> 0 | J32: ='1'!J32 -> 0 | K32: ='1'!K32 -> 0 | M32: ='1'!M32 -> WR | N32: ='1'!N32 -> 0 | O32: ='1'!O32 -> 0 | P32: ='1'!P32 -> 0 | Q32: ='1'!Q32 -> 0
A33: ='1'!A33 -> WR | B33: ='1'!B33 -> 0 | C33: ='1'!C33 -> 0 | D33: ='1'!D33 -> 0 | E33: ='1'!E33 -> 0 | G33: ='1'!G33 -> WR | H33: ='1'!H33 -> 0 | I33: ='1'!I33 -> 0 | J33: ='1'!J33 -> 0 | K33: ='1'!K33 -> 0 | M33: ='1'!M33 -> WR | N33: ='1'!N33 -> 0 | O33: ='1'!O33 -> 0 | P33: ='1'!P33 -> 0 | Q33: ='1'!Q33 -> 0
A34: ='1'!A34 -> WR | B34: ='1'!B34 -> 0 | C34: ='1'!C34 -> 0 | D34: ='1'!D34 -> 0 | E34: ='1'!E34 -> 0 | G34: ='1'!G34 -> WR | H34: ='1'!H34 -> 0 | I34: ='1'!I34 -> 0 | J34: ='1'!J34 -> 0 | K34: ='1'!K34 -> 0 | M34: ='1'!M34 -> WR | N34: ='1'!N34 -> 0 | O34: ='1'!O34 -> 0 | P34: ='1'!P34 -> 0 | Q34: ='1'!Q34 -> 0
A35: ='1'!A35 -> WR | B35: ='1'!B35 -> 0 | C35: ='1'!C35 -> 0 | D35: ='1'!D35 -> 0 | E35: ='1'!E35 -> 0 | G35: ='1'!G35 -> WR | H35: ='1'!H35 -> 0 | I35: ='1'!I35 -> 0 | J35: ='1'!J35 -> 0 | K35: ='1'!K35 -> 0 | M35: ='1'!M35 -> WR | N35: ='1'!N35 -> 0 | O35: ='1'!O35 -> 0 | P35: ='1'!P35 -> 0 | Q35: ='1'!Q35 -> 0
A36: ='1'!A36 -> WR | B36: ='1'!B36 -> 0 | C36: ='1'!C36 -> 0 | D36: ='1'!D36 -> 0 | E36: ='1'!E36 -> 0 | G36: ='1'!G36 -> WR | H36: ='1'!H36 -> 0 | I36: ='1'!I36 -> 0 | J36: ='1'!J36 -> 0 | K36: ='1'!K36 -> 0 | M36: ='1'!M36 -> WR | N36: ='1'!N36 -> 0 | O36: ='1'!O36 -> 0 | P36: ='1'!P36 -> 0 | Q36: ='1'!Q36 -> 0
A37: ='1'!A37 -> WR | B37: ='1'!B37 -> 0 | C37: ='1'!C37 -> 0 | D37: ='1'!D37 -> 0 | E37: ='1'!E37 -> 0 | G37: ='1'!G37 -> WR | H37: ='1'!H37 -> 0 | I37: ='1'!I37 -> 0 | J37: ='1'!J37 -> 0 | K37: ='1'!K37 -> 0 | M37: ='1'!M37 -> WR | N37: ='1'!N37 -> 0 | O37: ='1'!O37 -> 0 | P37: ='1'!P37 -> 0 | Q37: ='1'!Q37 -> 0
A38: ='1'!A38 -> WR | B38: ='1'!B38 -> 0 | C38: ='1'!C38 -> 0 | D38: ='1'!D38 -> 0 | E38: ='1'!E38 -> 0 | G38: ='1'!G38 -> WR | H38: ='1'!H38 -> 0 | I38: ='1'!I38 -> 0 | J38: ='1'!J38 -> 0 | K38: ='1'!K38 -> 0 | M38: ='1'!M38 -> WR | N38: ='1'!N38 -> 0 | O38: ='1'!O38 -> 0 | P38: ='1'!P38 -> 0 | Q38: ='1'!Q38 -> 0
A39: ='1'!A39 -> WR | B39: ='1'!B39 -> 0 | C39: ='1'!C39 -> 0 | D39: ='1'!D39 -> 0 | E39: ='1'!E39 -> 0 | G39: ='1'!G39 -> WR | H39: ='1'!H39 -> 0 | I39: ='1'!I39 -> 0 | J39: ='1'!J39 -> 0 | K39: ='1'!K39 -> 0 | M39: ='1'!M39 -> WR | N39: ='1'!N39 -> 0 | O39: ='1'!O39 -> 0 | P39: ='1'!P39 -> 0 | Q39: ='1'!Q39 -> 0
A40: ='1'!A40 -> WR | B40: ='1'!B40 -> 0 | C40: ='1'!C40 -> 0 | D40: ='1'!D40 -> 0 | E40: ='1'!E40 -> 0 | G40: ='1'!G40 -> WR | H40: ='1'!H40 -> 0 | I40: ='1'!I40 -> 0 | J40: ='1'!J40 -> 0 | K40: ='1'!K40 -> 0 | M40: ='1'!M40 -> WR | N40: ='1'!N40 -> 0 | O40: ='1'!O40 -> 0 | P40: ='1'!P40 -> 0 | Q40: ='1'!Q40 -> 0
A41: ='1'!A41 -> WR | B41: ='1'!B41 -> 0 | C41: ='1'!C41 -> 0 | D41: ='1'!D41 -> 0 | E41: ='1'!E41 -> 0 | G41: ='1'!G41 -> WR | H41: ='1'!H41 -> 0 | I41: ='1'!I41 -> 0 | J41: ='1'!J41 -> 0 | K41: ='1'!K41 -> 0 | M41: ='1'!M41 -> WR | N41: ='1'!N41 -> 0 | O41: ='1'!O41 -> 0 | P41: ='1'!P41 -> 0 | Q41: ='1'!Q41 -> 0
... A49: ='1'!A49 -> WR | B49: ='1'!B49 -> 0 | C49: ='1'!C49 -> 0 | D49: ='1'!D49 -> 0 | E49: ='1'!E49 -> 0 | G49: ='1'!G49 -> WR | H49: ='1'!H49 -> 0 | I49: ='1'!I49 -> 0 | J49: ='1'!J49 -> 0 | K49: ='1'!K49 -> 0 | M49: ='1'!M49 -> WR | N49: ='1'!N49 -> 0 | O49: ='1'!O49 -> 0 | P49: ='1'!P49 -> 0 | Q49: ='1'!Q49 -> 0
A50: =A1 -> TMS 4 | B50: =B1 -> WR | P50: Page | Q50: 2/2
A51: PRODUCTIVITY & OPERATION REPORT
A52: =A3 -> 46024
A53: Time | B53: Billet Rolled | C53: Cobble | D53: Details of Breakdown | J53: min | L53: Parameter | O53: Unit | P53: D | Q53: M-to-D | R53: TARGET | S53: JML | T53: HARI | U53: HARI
A54: Range | B54: (pcs) | R54: M-to-D | S54: HARI | T54: PRODUKSI | U54: STOP. PRD
A55: 07 - 08 | D55: WRM Stop produksi | J55: 1440 | L55: Billet Rolled | O55: Kg | P55: =C16 -> 0 | Q55: =C26 -> 0 | S55: =DAY(A52) -> 2 | T55: =S55-U55 -> 0 | U55: 2
A56: 08 - 09 | L56: A1+WIP | O56: Kg | P56: =K17 -> 0 | Q56: =K27 -> 0
A57: 09 - 10 | L57: Yield | O57: % | P57: =L17 -> #DIV/0! | Q57: =L27 -> #DIV/0! | R57: 0.985
A58: 10 - 11 | L58: Coble | O58: Kg | P58: =E16 -> 0 | Q58: =E26 -> 0
A59: 11 - 12 | O59: % | P59: =F16 -> #DIV/0! | Q59: =F26 -> #DIV/0! | R59: 0.0015
A60: 12 - 13 | L60: 1. Working Time Available | O60: min | P60: 1440 | Q60: ='1'!Q60+'2'!P60 -> 2880
A61: 13 - 14 | L61: 2. Planned Stoppage (a+b+c) | O61: min | P61: =SUM(P62:P64) -> 1440 | Q61: ='1'!Q61+'2'!P61 -> 2880
A62: 14 - 15 | L62: a. Shut Down | O62: min | P62: 1440 | Q62: ='1'!Q62+'2'!P62 -> 2880
A63: 15 - 16 | L63: b. Peak Hour | O63: min | P63: 0 | Q63: ='1'!Q63+'2'!P63 -> 0
A64: 16 - 17 | L64: c. Others | O64: min | P64: 0 | Q64: ='1'!Q64+'2'!P64 -> 0 | S64: 4.1 Detail Cobble | V64: D | W64: M-to-D
A65: 17 - 18 | L65: 3. Delay Maintenance (a+b+c) | O65: min | P65: =SUM(P66:P68) -> 0 | Q65: ='1'!Q65+'2'!P65 -> 0 | S65: a. Operation | U65: Pcs | W65: ='1'!W65+'2'!V65 -> 0
A66: 18 - 19 | L66: a. Daily Maintenance | O66: min | P66: 0 | Q66: ='1'!Q66+'2'!P66 -> 0 | S66: b. Mechanical | U66: Pcs | W66: ='1'!W66+'2'!V66 -> 0
A67: 19 - 20 | L67: b. Section / Pass / Grade Change | O67: min | P67: 0 | Q67: ='1'!Q67+'2'!P67 -> 0 | S67: c. Electrical | U67: Pcs | W67: ='1'!W67+'2'!V67 -> 0
A68: 20 - 21 | L68: c. Section Setting | O68: min | P68: 0 | Q68: ='1'!Q68+'2'!P68 -> 0 | S68: d. Material / Billet Defect | U68: Pcs | W68: ='1'!W68+'2'!V68 -> 0
A69: 21 - 22 | L69: 4. Break Down | O69: min | P69: =SUM(P70:P74) -> 0 | Q69: ='1'!Q69+'2'!P69 -> 0 | S69: e. Un-Controllable | U69: Pcs | W69: ='1'!W69+'2'!V69 -> 0
A70: 22 - 23 | L70: a. Operation | O70: min | P70: 0 | Q70: ='1'!Q70+'2'!P70 -> 0 | R70: =T55*30 -> 0
A71: 23 - 24 | L71: b. Mechanical | O71: min | P71: 0 | Q71: ='1'!Q71+'2'!P71 -> 0 | R71: =T55*25 -> 0
A72: 24 - 01 | L72: c. Electrical | O72: min | P72: 0 | Q72: ='1'!Q72+'2'!P72 -> 0 | R72: =T55*10 -> 0
A73: 01 - 02 | L73: d. Material / Billet Defect | O73: min | P73: 0 | Q73: ='1'!Q73+'2'!P73 -> 0
A74: 02 - 03 | L74: e. Un-Controllable | O74: min | P74: 0 | Q74: ='1'!Q74+'2'!P74 -> 0
A75: 03 - 04 | L75: 5. Production Time Available (1-2) | O75: min | P75: =P60-P61 -> 0 | Q75: ='1'!Q75+'2'!P75 -> 0
A76: 04 - 05 | L76: 6. Registered Delay (3+4) | O76: min | P76: =P65+P69 -> 0 | Q76: ='1'!Q76+'2'!P76 -> 0
A77: 05 - 06 | L77: 7. Delay Counter | O77: min | P77: 0 | Q77: ='1'!Q77+'2'!P77 -> 0
A78: 06 - 07 | L78: 8. Slow Rolling (7-6) | O78: min | P78: =+P77-P76 -> 0 | Q78: ='1'!Q78+'2'!P78 -> 0
B79: =SUM(B55:B78) -> 0 | C79: =SUM(C55:C78) -> 0 | J79: =SUM(J55:J78) -> 1440 | L79: 9. Effective Production Time (5-6-8) | O79: min | P79: =+P75-P76-P78 -> 0 | Q79: ='1'!Q79+'2'!P79 -> 0
L80: 10. a. Nett Utilization (9/5) | O80: % | P80: =P79/P75 -> #DIV/0! | Q80: =Q79/Q75 -> #DIV/0! | R80: 0.86
A81: NOTES | L81: b. Gross Utilization (9/1) | O81: % | P81: =P79/P60 -> 0 | Q81: =Q79/Q60 -> 0
L82: 11. a. Nett Rolling Rate (Billet / (9)) | O82: MT/hour | P82: =(C16/1000)/(P79/60) -> #DIV/0! | Q82: =(C26/1000)/(Q79/60) -> #DIV/0!
L83: b. Gross Rolling Rate (Billet / (5)) | O83: MT/hour | P83: =(C16/1000)/(P75/60) -> #DIV/0! | Q83: =(C26/1000)/(Q75/60) -> #DIV/0!
L84: 12. Gas Consumption | O84: Nmc | P84: 0 | Q84: ='1'!Q84+'2'!P84 -> 0
O85: Nmc/ T | P85: =P84/(K17/1000) -> #DIV/0! | Q85: =Q84/(K27/1000) -> #DIV/0!
L86: 13. Electricity Consumption | O86: MWH | P86: 7.52 | Q86: ='1'!Q86+'2'!P86 -> 10.33
O87: KWH / T | P87: =(P86*1000)/(K16/1000) -> #DIV/0! | Q87: =(Q86*1000)/(K26/1000) -> #DIV/0!
L88: 14. Water Consumption | O88: M3 | P88: 0 | Q88: ='1'!Q88+'2'!P88 -> 0
O89: M3 / Ton | P89: =P88/(K16/1000) -> #DIV/0! | Q89: =Q88/(K26/1000) -> #DIV/0!
N91: SM | P91: GM

Sheet 3
A1: TMS 4 | B1: WR | P1: Page | Q1: 1/2
A2: DAILY PRODUCTION REPORT
A3: ='2'!A3:Q3+1 -> 46025
A4: BILLET | G4: PRODUCT
A5: Rolled | D5: Cobble | G5: A1 | M5: WIP
A6: ID | B6: Pc | C6: Kg | D6: Pc | E6: Kg | F6: % | G6: Type | H6: Section | I6: Grade | J6: Coil | K6: Kg | L6: Yield | M6: Coil | N6: Kg
G7: WR | L7: =K7/C7 -> #DIV/0!
G8: WR | L8: =K8/C8 -> #DIV/0!
G9: WR | L9: =K9/C9 -> #DIV/0!
G10: WR | L10: =K10/C10 -> #DIV/0!
G11: WR | L11: =K11/C11 -> #DIV/0!
G12: WR | L12: =K12/C12 -> #DIV/0!
G13: WR | L13: =K13/C13 -> #DIV/0!
G14: WR | L14: =K14/C14 -> #DIV/0!
G15: WR | L15: =K15/C15 -> #DIV/0!
B16: =SUM(B7:B15) -> 0 | C16: =SUM(C7:C15) -> 0 | D16: =SUM(D7:D15) -> 0 | E16: =SUM(E7:E15) -> 0 | F16: =E16/C16 -> #DIV/0! | J16: =SUM(J7:J15) -> 0 | K16: =SUM(K7:K15) -> 0 | L16: =K16/C16 -> #DIV/0! | M16: =SUM(M7:M15) -> 0 | N16: =SUM(N7:N15) -> 0
A17: Total Production A1 + WIP | K17: =K16+N16 -> 0 | L17: =K17/C16 -> #DIV/0!
A18: MONTH-TO-DATE
A19: BILLET | G19: PRODUCT
A20: Rolled | D20: Cobble | G20: A1 | M20: WIP
B21: Pc | C21: Kg | D21: Pc | E21: Kg | F21: % | G21: Type | J21: Coil | K21: Kg | L21: Yield | M21: Coil | N21: Kg
B22: ='2'!B22+'3'!B16 -> 0 | C22: ='2'!C22+'3'!C16 -> 0 | D22: ='2'!D22+'3'!D16 -> 0 | E22: ='2'!E22+'3'!E16 -> 0 | F22: =E22/C22 -> #DIV/0! | G22: WR | J22: ='2'!J22+'3'!J16 -> 0 | K22: ='2'!K22+'3'!K16 -> 0 | L22: =K22/C22 -> #DIV/0! | M22: ='2'!M22+'3'!M16 -> 0 | N22: ='2'!N22+'3'!N16 -> 0
B23: ='2'!B23 -> 0 | C23: ='2'!C23 -> 0 | D23: ='2'!D23 -> 0 | E23: ='2'!E23 -> 0 | F23: =E23/C23 -> #DIV/0! | G23: BIC | J23: ='2'!J23 -> 0 | K23: ='2'!K23 -> 0 | L23: =K23/C23 -> #DIV/0! | M23: ='2'!M23 -> 0 | N23: ='2'!N23 -> 0
B24: ='2'!B24 -> 0 | C24: ='2'!C24 -> 0 | D24: ='2'!D24 -> 0 | E24: ='2'!E24 -> 0 | F24: =E24/C24 -> #DIV/0! | G24: MIC | J24: ='2'!J24 -> 0 | K24: ='2'!K24 -> 0 | L24: =K24/C24 -> #DIV/0! | M24: ='2'!M24 -> 0 | N24: ='2'!N24 -> 0
B26: =SUM(B21:B25) -> 0 | C26: =SUM(C21:C25) -> 0 | D26: =SUM(D21:D25) -> 0 | E26: =SUM(E22:E25) -> 0 | F26: =E26/C26 -> #DIV/0! | J26: =SUM(J22:J25) -> 0 | K26: =SUM(K22:K25) -> 0 | L26: =K26/C26 -> #DIV/0! | M26: =SUM(M22:M25) -> 0 | N26: =SUM(N22:N25) -> 0
A27: Total Production A1 + WIP | K27: =K26+N26 -> 0 | L27: =K27/C26 -> #DIV/0!
A29: Type | B29: Section | C29: Grade | D29: Coil | E29: Kg | G29: Type | H29: Section | I29: Grade | J29: Coil | K29: Kg | M29: Type | N29: Section | O29: Grade | P29: Coil | Q29: Kg
A30: ='2'!A30 -> WR | B30: ='2'!B30 -> 0 | C30: ='2'!C30 -> 0 | D30: ='2'!D30 -> 0 | E30: ='2'!E30 -> 0 | G30: ='2'!G30 -> WR | H30: ='2'!H30 -> 0 | I30: ='2'!I30 -> 0 | J30: ='2'!J30 -> 0 | K30: ='2'!K30 -> 0 | M30: ='2'!M30 -> WR | N30: ='2'!N30 -> 0 | O30: ='2'!O30 -> 0 | P30: ='2'!P30 -> 0 | Q30: ='2'!Q30 -> 0
A31: ='2'!A31 -> WR | B31: ='2'!B31 -> 0 | C31: ='2'!C31 -> 0 | D31: ='2'!D31 -> 0 | E31: ='2'!E31 -> 0 | G31: ='2'!G31 -> WR | H31: ='2'!H31 -> 0 | I31: ='2'!I31 -> 0 | J31: ='2'!J31 -> 0 | K31: ='2'!K31 -> 0 | M31: ='2'!M31 -> WR | N31: ='2'!N31 -> 0 | O31: ='2'!O31 -> 0 | P31: ='2'!P31 -> 0 | Q31: ='2'!Q31 -> 0
A32: ='2'!A32 -> WR | B32: ='2'!B32 -> 0 | C32: ='2'!C32 -> 0 | D32: ='2'!D32 -> 0 | E32: ='2'!E32 -> 0 | G32: ='2'!G32 -> WR | H32: ='2'!H32 -> 0 | I32: ='2'!I32 -> 0 | J32: ='2'!J32 -> 0 | K32: ='2'!K32 -> 0 | M32: ='2'!M32 -> WR | N32: ='2'!N32 -> 0 | O32: ='2'!O32 -> 0 | P32: ='2'!P32 -> 0 | Q32: ='2'!Q32 -> 0
A33: ='2'!A33 -> WR | B33: ='2'!B33 -> 0 | C33: ='2'!C33 -> 0 | D33: ='2'!D33 -> 0 | E33: ='2'!E33 -> 0 | G33: ='2'!G33 -> WR | H33: ='2'!H33 -> 0 | I33: ='2'!I33 -> 0 | J33: ='2'!J33 -> 0 | K33: ='2'!K33 -> 0 | M33: ='2'!M33 -> WR | N33: ='2'!N33 -> 0 | O33: ='2'!O33 -> 0 | P33: ='2'!P33 -> 0 | Q33: ='2'!Q33 -> 0
A34: ='2'!A34 -> WR | B34: ='2'!B34 -> 0 | C34: ='2'!C34 -> 0 | D34: ='2'!D34 -> 0 | E34: ='2'!E34 -> 0 | G34: ='2'!G34 -> WR | H34: ='2'!H34 -> 0 | I34: ='2'!I34 -> 0 | J34: ='2'!J34 -> 0 | K34: ='2'!K34 -> 0 | M34: ='2'!M34 -> WR | N34: ='2'!N34 -> 0 | O34: ='2'!O34 -> 0 | P34: ='2'!P34 -> 0 | Q34: ='2'!Q34 -> 0
A35: ='2'!A35 -> WR | B35: ='2'!B35 -> 0 | C35: ='2'!C35 -> 0 | D35: ='2'!D35 -> 0 | E35: ='2'!E35 -> 0 | G35: ='2'!G35 -> WR | H35: ='2'!H35 -> 0 | I35: ='2'!I35 -> 0 | J35: ='2'!J35 -> 0 | K35: ='2'!K35 -> 0 | M35: ='2'!M35 -> WR | N35: ='2'!N35 -> 0 | O35: ='2'!O35 -> 0 | P35: ='2'!P35 -> 0 | Q35: ='2'!Q35 -> 0
A36: ='2'!A36 -> WR | B36: ='2'!B36 -> 0 | C36: ='2'!C36 -> 0 | D36: ='2'!D36 -> 0 | E36: ='2'!E36 -> 0 | G36: ='2'!G36 -> WR | H36: ='2'!H36 -> 0 | I36: ='2'!I36 -> 0 | J36: ='2'!J36 -> 0 | K36: ='2'!K36 -> 0 | M36: ='2'!M36 -> WR | N36: ='2'!N36 -> 0 | O36: ='2'!O36 -> 0 | P36: ='2'!P36 -> 0 | Q36: ='2'!Q36 -> 0
A37: ='2'!A37 -> WR | B37: ='2'!B37 -> 0 | C37: ='2'!C37 -> 0 | D37: ='2'!D37 -> 0 | E37: ='2'!E37 -> 0 | G37: ='2'!G37 -> WR | H37: ='2'!H37 -> 0 | I37: ='2'!I37 -> 0 | J37: ='2'!J37 -> 0 | K37: ='2'!K37 -> 0 | M37: ='2'!M37 -> WR | N37: ='2'!N37 -> 0 | O37: ='2'!O37 -> 0 | P37: ='2'!P37 -> 0 | Q37: ='2'!Q37 -> 0
A38: ='2'!A38 -> WR | B38: ='2'!B38 -> 0 | C38: ='2'!C38 -> 0 | D38: ='2'!D38 -> 0 | E38: ='2'!E38 -> 0 | G38: ='2'!G38 -> WR | H38: ='2'!H38 -> 0 | I38: ='2'!I38 -> 0 | J38: ='2'!J38 -> 0 | K38: ='2'!K38 -> 0 | M38: ='2'!M38 -> WR | N38: ='2'!N38 -> 0 | O38: ='2'!O38 -> 0 | P38: ='2'!P38 -> 0 | Q38: ='2'!Q38 -> 0
A39: ='2'!A39 -> WR | B39: ='2'!B39 -> 0 | C39: ='2'!C39 -> 0 | D39: ='2'!D39 -> 0 | E39: ='2'!E39 -> 0 | G39: ='2'!G39 -> WR | H39: ='2'!H39 -> 0 | I39: ='2'!I39 -> 0 | J39: ='2'!J39 -> 0 | K39: ='2'!K39 -> 0 | M39: ='2'!M39 -> WR | N39: ='2'!N39 -> 0 | O39: ='2'!O39 -> 0 | P39: ='2'!P39 -> 0 | Q39: ='2'!Q39 -> 0
A40: ='2'!A40 -> WR | B40: ='2'!B40 -> 0 | C40: ='2'!C40 -> 0 | D40: ='2'!D40 -> 0 | E40: ='2'!E40 -> 0 | G40: ='2'!G40 -> WR | H40: ='2'!H40 -> 0 | I40: ='2'!I40 -> 0 | J40: ='2'!J40 -> 0 | K40: ='2'!K40 -> 0 | M40: ='2'!M40 -> WR | N40: ='2'!N40 -> 0 | O40: ='2'!O40 -> 0 | P40: ='2'!P40 -> 0 | Q40: ='2'!Q40 -> 0
A41: ='2'!A41 -> WR | B41: ='2'!B41 -> 0 | C41: ='2'!C41 -> 0 | D41: ='2'!D41 -> 0 | E41: ='2'!E41 -> 0 | G41: ='2'!G41 -> WR | H41: ='2'!H41 -> 0 | I41: ='2'!I41 -> 0 | J41: ='2'!J41 -> 0 | K41: ='2'!K41 -> 0 | M41: ='2'!M41 -> WR | N41: ='2'!N41 -> 0 | O41: ='2'!O41 -> 0 | P41: ='2'!P41 -> 0 | Q41: ='2'!Q41 -> 0
... A49: ='2'!A49 -> WR | B49: ='2'!B49 -> 0 | C49: ='2'!C49 -> 0 | D49: ='2'!D49 -> 0 | E49: ='2'!E49 -> 0 | G49: ='2'!G49 -> WR | H49: ='2'!H49 -> 0 | I49: ='2'!I49 -> 0 | J49: ='2'!J49 -> 0 | K49: ='2'!K49 -> 0 | M49: ='2'!M49 -> WR | N49: ='2'!N49 -> 0 | O49: ='2'!O49 -> 0 | P49: ='2'!P49 -> 0 | Q49: ='2'!Q49 -> 0
A50: =A1 -> TMS 4 | B50: =B1 -> WR | P50: Page | Q50: 2/2
A51: PRODUCTIVITY & OPERATION REPORT
A52: =A3 -> 46025
A53: Time | B53: Billet Rolled | C53: Cobble | D53: Details of Breakdown | J53: min | L53: Parameter | O53: Unit | P53: D | Q53: M-to-D | R53: TARGET | S53: JML | T53: HARI | U53: HARI
A54: Range | B54: (pcs) | R54: M-to-D | S54: HARI | T54: PRODUKSI | U54: STOP. PRD
A55: 07 - 08 | D55: WRM Stop produksi | J55: 1440 | L55: Billet Rolled | O55: Kg | P55: =C16 -> 0 | Q55: =C26 -> 0 | S55: =DAY(A52) -> 3 | T55: =S55-U55 -> 0 | U55: 3
A56: 08 - 09 | L56: A1+WIP | O56: Kg | P56: =K17 -> 0 | Q56: =K27 -> 0
A57: 09 - 10 | L57: Yield | O57: % | P57: =L17 -> #DIV/0! | Q57: =L27 -> #DIV/0! | R57: 0.985
A58: 10 - 11 | L58: Coble | O58: Kg | P58: =E16 -> 0 | Q58: =E26 -> 0
A59: 11 - 12 | O59: % | P59: =F16 -> #DIV/0! | Q59: =F26 -> #DIV/0! | R59: 0.0015
A60: 12 - 13 | L60: 1. Working Time Available | O60: min | P60: 1440 | Q60: ='1'!Q60+'2'!P60+'3'!P60 -> 4320
A61: 13 - 14 | L61: 2. Planned Stoppage (a+b+c) | O61: min | P61: =SUM(P62:P64) -> 1440 | Q61: ='1'!Q61+'2'!P61+'3'!P61 -> 4320
A62: 14 - 15 | L62: a. Shut Down | O62: min | P62: 1440 | Q62: ='1'!Q62+'2'!P62+'3'!P62 -> 4320
A63: 15 - 16 | L63: b. Peak Hour | O63: min | P63: 0 | Q63: ='1'!Q63+'2'!P63+'3'!P63 -> 0
A64: 16 - 17 | L64: c. Others | O64: min | P64: 0 | Q64: ='1'!Q64+'2'!P64+'3'!P64 -> 0 | S64: 4.1 Detail Cobble | V64: D | W64: M-to-D
A65: 17 - 18 | L65: 3. Delay Maintenance (a+b+c) | O65: min | P65: =SUM(P66:P68) -> 0 | Q65: ='1'!Q65+'2'!P65+'3'!P65 -> 0 | S65: a. Operation | U65: Pcs | W65: ='2'!W65+'3'!V65 -> 0
A66: 18 - 19 | L66: a. Daily Maintenance | O66: min | P66: 0 | Q66: ='1'!Q66+'2'!P66+'3'!P66 -> 0 | S66: b. Mechanical | U66: Pcs | W66: ='2'!W66+'3'!V66 -> 0
A67: 19 - 20 | L67: b. Section / Pass / Grade Change | O67: min | P67: 0 | Q67: ='1'!Q67+'2'!P67+'3'!P67 -> 0 | S67: c. Electrical | U67: Pcs | W67: ='2'!W67+'3'!V67 -> 0
A68: 20 - 21 | L68: c. Section Setting | O68: min | P68: 0 | Q68: ='1'!Q68+'2'!P68+'3'!P68 -> 0 | S68: d. Material / Billet Defect | U68: Pcs | W68: ='2'!W68+'3'!V68 -> 0
A69: 21 - 22 | L69: 4. Break Down | O69: min | P69: =SUM(P70:P74) -> 0 | Q69: ='1'!Q69+'2'!P69+'3'!P69 -> 0 | S69: e. Un-Controllable | U69: Pcs | W69: ='2'!W69+'3'!V69 -> 0
A70: 22 - 23 | L70: a. Operation | O70: min | P70: 0 | Q70: ='1'!Q70+'2'!P70+'3'!P70 -> 0 | R70: =T55*30 -> 0
A71: 23 - 24 | L71: b. Mechanical | O71: min | P71: 0 | Q71: ='1'!Q71+'2'!P71+'3'!P71 -> 0 | R71: =T55*25 -> 0
A72: 24 - 01 | L72: c. Electrical | O72: min | P72: 0 | Q72: ='1'!Q72+'2'!P72+'3'!P72 -> 0 | R72: =T55*10 -> 0
A73: 01 - 02 | L73: d. Material / Billet Defect | O73: min | P73: 0 | Q73: ='1'!Q73+'2'!P73+'3'!P73 -> 0
A74: 02 - 03 | L74: e. Un-Controllable | O74: min | P74: 0 | Q74: ='1'!Q74+'2'!P74+'3'!P74 -> 0
A75: 03 - 04 | L75: 5. Production Time Available (1-2) | O75: min | P75: =P60-P61 -> 0 | Q75: ='1'!Q75+'2'!P75+'3'!P75 -> 0
A76: 04 - 05 | L76: 6. Registered Delay (3+4) | O76: min | P76: =P65+P69 -> 0 | Q76: ='1'!Q76+'2'!P76+'3'!P76 -> 0
A77: 05 - 06 | L77: 7. Delay Counter | O77: min | P77: 0 | Q77: ='1'!Q77+'2'!P77+'3'!P77 -> 0
A78: 06 - 07 | L78: 8. Slow Rolling (7-6) | O78: min | P78: =+P77-P76 -> 0 | Q78: ='1'!Q78+'2'!P78+'3'!P78 -> 0
B79: =SUM(B55:B78) -> 0 | C79: =SUM(C55:C78) -> 0 | J79: =SUM(J55:J78) -> 1440 | L79: 9. Effective Production Time (5-6-8) | O79: min | P79: =+P75-P76-P78 -> 0 | Q79: ='1'!Q79+'2'!P79+'3'!P79 -> 0
L80: 10. a. Nett Utilization (9/5) | O80: % | P80: =P79/P75 -> #DIV/0! | Q80: =Q79/Q75 -> #DIV/0! | R80: 0.86
A81: NOTES | L81: b. Gross Utilization (9/1) | O81: % | P81: =P79/P60 -> 0 | Q81: =Q79/Q60 -> 0
L82: 11. a. Nett Rolling Rate (Billet / (9)) | O82: MT/hour | P82: =(C16/1000)/(P79/60) -> #DIV/0! | Q82: =(C26/1000)/(Q79/60) -> #DIV/0!
L83: b. Gross Rolling Rate (Billet / (5)) | O83: MT/hour | P83: =(C16/1000)/(P75/60) -> #DIV/0! | Q83: =(C26/1000)/(Q75/60) -> #DIV/0!
L84: 12. Gas Consumption | O84: Nmc | P84: 0 | Q84: ='1'!Q84+'2'!P84+'3'!P84 -> 0
O85: Nmc/ T | P85: =P84/(K17/1000) -> #DIV/0! | Q85: =Q84/(K27/1000) -> #DIV/0!
L86: 13. Electricity Consumption | O86: MWH | P86: 11.47 | Q86: ='1'!Q86+'2'!P86+'3'!P86 -> 21.8
O87: KWH / T | P87: =(P86*1000)/(K16/1000) -> #DIV/0! | Q87: =(Q86*1000)/(K26/1000) -> #DIV/0!
L88: 14. Water Consumption | O88: M3 | P88: 0 | Q88: ='1'!Q88+'2'!P88+'3'!P88 -> 0
O89: M3 / Ton | P89: =P88/(K16/1000) -> #DIV/0! | Q89: =Q88/(K26/1000) -> #DIV/0!
N91: SM | P91: GM

Sheet 4
A1: TMS 4 | B1: WR | P1: Page | Q1: 1/2
A2: DAILY PRODUCTION REPORT
A3: ='3'!A3:Q3+1 -> 46026
A4: BILLET | G4: PRODUCT
A5: Rolled | D5: Cobble | G5: A1 | M5: WIP
A6: ID | B6: Pc | C6: Kg | D6: Pc | E6: Kg | F6: % | G6: Type | H6: Section | I6: Grade | J6: Coil | K6: Kg | L6: Yield | M6: Coil | N6: Kg
G7: WR | L7: =K7/C7 -> #DIV/0!
G8: WR | L8: =K8/C8 -> #DIV/0!
G9: WR | L9: =K9/C9 -> #DIV/0!
G10: WR | L10: =K10/C10 -> #DIV/0!
G11: WR | L11: =K11/C11 -> #DIV/0!
G12: WR | L12: =K12/C12 -> #DIV/0!
G13: WR | L13: =K13/C13 -> #DIV/0!
G14: WR | L14: =K14/C14 -> #DIV/0!
G15: WR | L15: =K15/C15 -> #DIV/0!
B16: =SUM(B7:B15) -> 0 | C16: =SUM(C7:C15) -> 0 | D16: =SUM(D7:D15) -> 0 | E16: =SUM(E7:E15) -> 0 | F16: =E16/C16 -> #DIV/0! | J16: =SUM(J7:J15) -> 0 | K16: =SUM(K7:K15) -> 0 | L16: =K16/C16 -> #DIV/0! | M16: =SUM(M7:M15) -> 0 | N16: =SUM(N7:N15) -> 0
A17: Total Production A1 + WIP | K17: =K16+N16 -> 0 | L17: =K17/C16 -> #DIV/0!
A18: MONTH-TO-DATE
A19: BILLET | G19: PRODUCT
A20: Rolled | D20: Cobble | G20: A1 | M20: WIP
B21: Pc | C21: Kg | D21: Pc | E21: Kg | F21: % | G21: Type | J21: Coil | K21: Kg | L21: Yield | M21: Coil | N21: Kg
B22: ='3'!B22+'4'!B16 -> 0 | C22: ='3'!C22+'4'!C16 -> 0 | D22: ='3'!D22+'4'!D16 -> 0 | E22: ='3'!E22+'4'!E16 -> 0 | F22: =E22/C22 -> #DIV/0! | G22: WR | J22: ='3'!J22+'4'!J16 -> 0 | K22: ='3'!K22+'4'!K16 -> 0 | L22: =K22/C22 -> #DIV/0! | M22: ='3'!M22+'4'!M16 -> 0 | N22: ='3'!N22+'4'!N16 -> 0
B23: ='3'!B23 -> 0 | C23: ='3'!C23 -> 0 | D23: ='3'!D23 -> 0 | E23: ='3'!E23 -> 0 | F23: =E23/C23 -> #DIV/0! | G23: BIC | J23: ='3'!J23 -> 0 | K23: ='3'!K23 -> 0 | L23: =K23/C23 -> #DIV/0! | M23: ='3'!M23 -> 0 | N23: ='3'!N23 -> 0
B24: ='3'!B24 -> 0 | C24: ='3'!C24 -> 0 | D24: ='3'!D24 -> 0 | E24: ='3'!E24 -> 0 | F24: =E24/C24 -> #DIV/0! | G24: MIC | J24: ='3'!J24 -> 0 | K24: ='3'!K24 -> 0 | L24: =K24/C24 -> #DIV/0! | M24: ='3'!M24 -> 0 | N24: ='3'!N24 -> 0
B26: =SUM(B21:B25) -> 0 | C26: =SUM(C21:C25) -> 0 | D26: =SUM(D21:D25) -> 0 | E26: =SUM(E22:E25) -> 0 | F26: =E26/C26 -> #DIV/0! | J26: =SUM(J22:J25) -> 0 | K26: =SUM(K22:K25) -> 0 | L26: =K26/C26 -> #DIV/0! | M26: =SUM(M22:M25) -> 0 | N26: =SUM(N22:N25) -> 0
A27: Total Production A1 + WIP | K27: =K26+N26 -> 0 | L27: =K27/C26 -> #DIV/0!
A29: Type | B29: Section | C29: Grade | D29: Coil | E29: Kg | G29: Type | H29: Section | I29: Grade | J29: Coil | K29: Kg | M29: Type | N29: Section | O29: Grade | P29: Coil | Q29: Kg
A30: ='3'!A30 -> WR | B30: ='3'!B30 -> 0 | C30: ='3'!C30 -> 0 | D30: ='3'!D30 -> 0 | E30: ='3'!E30 -> 0 | G30: ='3'!G30 -> WR | H30: ='3'!H30 -> 0 | I30: ='3'!I30 -> 0 | J30: ='3'!J30 -> 0 | K30: ='3'!K30 -> 0 | M30: ='3'!M30 -> WR | N30: ='3'!N30 -> 0 | O30: ='3'!O30 -> 0 | P30: ='3'!P30 -> 0 | Q30: ='3'!Q30 -> 0
A31: ='3'!A31 -> WR | B31: ='3'!B31 -> 0 | C31: ='3'!C31 -> 0 | D31: ='3'!D31 -> 0 | E31: ='3'!E31 -> 0 | G31: ='3'!G31 -> WR | H31: ='3'!H31 -> 0 | I31: ='3'!I31 -> 0 | J31: ='3'!J31 -> 0 | K31: ='3'!K31 -> 0 | M31: ='3'!M31 -> WR | N31: ='3'!N31 -> 0 | O31: ='3'!O31 -> 0 | P31: ='3'!P31 -> 0 | Q31: ='3'!Q31 -> 0
A32: ='3'!A32 -> WR | B32: ='3'!B32 -> 0 | C32: ='3'!C32 -> 0 | D32: ='3'!D32 -> 0 | E32: ='3'!E32 -> 0 | G32: ='3'!G32 -> WR | H32: ='3'!H32 -> 0 | I32: ='3'!I32 -> 0 | J32: ='3'!J32 -> 0 | K32: ='3'!K32 -> 0 | M32: ='3'!M32 -> WR | N32: ='3'!N32 -> 0 | O32: ='3'!O32 -> 0 | P32: ='3'!P32 -> 0 | Q32: ='3'!Q32 -> 0
A33: ='3'!A33 -> WR | B33: ='3'!B33 -> 0 | C33: ='3'!C33 -> 0 | D33: ='3'!D33 -> 0 | E33: ='3'!E33 -> 0 | G33: ='3'!G33 -> WR | H33: ='3'!H33 -> 0 | I33: ='3'!I33 -> 0 | J33: ='3'!J33 -> 0 | K33: ='3'!K33 -> 0 | M33: ='3'!M33 -> WR | N33: ='3'!N33 -> 0 | O33: ='3'!O33 -> 0 | P33: ='3'!P33 -> 0 | Q33: ='3'!Q33 -> 0
A34: ='3'!A34 -> WR | B34: ='3'!B34 -> 0 | C34: ='3'!C34 -> 0 | D34: ='3'!D34 -> 0 | E34: ='3'!E34 -> 0 | G34: ='3'!G34 -> WR | H34: ='3'!H34 -> 0 | I34: ='3'!I34 -> 0 | J34: ='3'!J34 -> 0 | K34: ='3'!K34 -> 0 | M34: ='3'!M34 -> WR | N34: ='3'!N34 -> 0 | O34: ='3'!O34 -> 0 | P34: ='3'!P34 -> 0 | Q34: ='3'!Q34 -> 0
A35: ='3'!A35 -> WR | B35: ='3'!B35 -> 0 | C35: ='3'!C35 -> 0 | D35: ='3'!D35 -> 0 | E35: ='3'!E35 -> 0 | G35: ='3'!G35 -> WR | H35: ='3'!H35 -> 0 | I35: ='3'!I35 -> 0 | J35: ='3'!J35 -> 0 | K35: ='3'!K35 -> 0 | M35: ='3'!M35 -> WR | N35: ='3'!N35 -> 0 | O35: ='3'!O35 -> 0 | P35: ='3'!P35 -> 0 | Q35: ='3'!Q35 -> 0
A36: ='3'!A36 -> WR | B36: ='3'!B36 -> 0 | C36: ='3'!C36 -> 0 | D36: ='3'!D36 -> 0 | E36: ='3'!E36 -> 0 | G36: ='3'!G36 -> WR | H36: ='3'!H36 -> 0 | I36: ='3'!I36 -> 0 | J36: ='3'!J36 -> 0 | K36: ='3'!K36 -> 0 | M36: ='3'!M36 -> WR | N36: ='3'!N36 -> 0 | O36: ='3'!O36 -> 0 | P36: ='3'!P36 -> 0 | Q36: ='3'!Q36 -> 0
A37: ='3'!A37 -> WR | B37: ='3'!B37 -> 0 | C37: ='3'!C37 -> 0 | D37: ='3'!D37 -> 0 | E37: ='3'!E37 -> 0 | G37: ='3'!G37 -> WR | H37: ='3'!H37 -> 0 | I37: ='3'!I37 -> 0 | J37: ='3'!J37 -> 0 | K37: ='3'!K37 -> 0 | M37: ='3'!M37 -> WR | N37: ='3'!N37 -> 0 | O37: ='3'!O37 -> 0 | P37: ='3'!P37 -> 0 | Q37: ='3'!Q37 -> 0
A38: ='3'!A38 -> WR | B38: ='3'!B38 -> 0 | C38: ='3'!C38 -> 0 | D38: ='3'!D38 -> 0 | E38: ='3'!E38 -> 0 | G38: ='3'!G38 -> WR | H38: ='3'!H38 -> 0 | I38: ='3'!I38 -> 0 | J38: ='3'!J38 -> 0 | K38: ='3'!K38 -> 0 | M38: ='3'!M38 -> WR | N38: ='3'!N38 -> 0 | O38: ='3'!O38 -> 0 | P38: ='3'!P38 -> 0 | Q38: ='3'!Q38 -> 0
A39: ='3'!A39 -> WR | B39: ='3'!B39 -> 0 | C39: ='3'!C39 -> 0 | D39: ='3'!D39 -> 0 | E39: ='3'!E39 -> 0 | G39: ='3'!G39 -> WR | H39: ='3'!H39 -> 0 | I39: ='3'!I39 -> 0 | J39: ='3'!J39 -> 0 | K39: ='3'!K39 -> 0 | M39: ='3'!M39 -> WR | N39: ='3'!N39 -> 0 | O39: ='3'!O39 -> 0 | P39: ='3'!P39 -> 0 | Q39: ='3'!Q39 -> 0
A40: ='3'!A40 -> WR | B40: ='3'!B40 -> 0 | C40: ='3'!C40 -> 0 | D40: ='3'!D40 -> 0 | E40: ='3'!E40 -> 0 | G40: ='3'!G40 -> WR | H40: ='3'!H40 -> 0 | I40: ='3'!I40 -> 0 | J40: ='3'!J40 -> 0 | K40: ='3'!K40 -> 0 | M40: ='3'!M40 -> WR | N40: ='3'!N40 -> 0 | O40: ='3'!O40 -> 0 | P40: ='3'!P40 -> 0 | Q40: ='3'!Q40 -> 0
A41: ='3'!A41 -> WR | B41: ='3'!B41 -> 0 | C41: ='3'!C41 -> 0 | D41: ='3'!D41 -> 0 | E41: ='3'!E41 -> 0 | G41: ='3'!G41 -> WR | H41: ='3'!H41 -> 0 | I41: ='3'!I41 -> 0 | J41: ='3'!J41 -> 0 | K41: ='3'!K41 -> 0 | M41: ='3'!M41 -> WR | N41: ='3'!N41 -> 0 | O41: ='3'!O41 -> 0 | P41: ='3'!P41 -> 0 | Q41: ='3'!Q41 -> 0
... A49: ='3'!A49 -> WR | B49: ='3'!B49 -> 0 | C49: ='3'!C49 -> 0 | D49: ='3'!D49 -> 0 | E49: ='3'!E49 -> 0 | G49: ='3'!G49 -> WR | H49: ='3'!H49 -> 0 | I49: ='3'!I49 -> 0 | J49: ='3'!J49 -> 0 | K49: ='3'!K49 -> 0 | M49: ='3'!M49 -> WR | N49: ='3'!N49 -> 0 | O49: ='3'!O49 -> 0 | P49: ='3'!P49 -> 0 | Q49: ='3'!Q49 -> 0
A50: =A1 -> TMS 4 | B50: =B1 -> WR | P50: Page | Q50: 2/2
A51: PRODUCTIVITY & OPERATION REPORT
A52: =A3 -> 46026
A53: Time | B53: Billet Rolled | C53: Cobble | D53: Details of Breakdown | J53: min | L53: Parameter | O53: Unit | P53: D | Q53: M-to-D | R53: TARGET | S53: JML | T53: HARI | U53: HARI
A54: Range | B54: (pcs) | R54: M-to-D | S54: HARI | T54: PRODUKSI | U54: STOP. PRD
A55: 07 - 08 | D55: WRM Stop produksi | J55: 1440 | L55: Billet Rolled | O55: Kg | P55: =C16 -> 0 | Q55: =C26 -> 0 | S55: =DAY(A52) -> 4 | T55: =S55-U55 -> 0 | U55: 4
A56: 08 - 09 | L56: A1+WIP | O56: Kg | P56: =K17 -> 0 | Q56: =K27 -> 0
A57: 09 - 10 | L57: Yield | O57: % | P57: =L17 -> #DIV/0! | Q57: =L27 -> #DIV/0! | R57: 0.985
A58: 10 - 11 | L58: Coble | O58: Kg | P58: =E16 -> 0 | Q58: =E26 -> 0
A59: 11 - 12 | O59: % | P59: =F16 -> #DIV/0! | Q59: =F26 -> #DIV/0! | R59: 0.0015
A60: 12 - 13 | L60: 1. Working Time Available | O60: min | P60: 1440 | Q60: ='1'!Q60+'2'!P60+'3'!P60+'4'!P60 -> 5760
A61: 13 - 14 | L61: 2. Planned Stoppage (a+b+c) | O61: min | P61: =SUM(P62:P64) -> 1440 | Q61: ='1'!Q61+'2'!P61+'3'!P61+'4'!P61 -> 5760
A62: 14 - 15 | L62: a. Shut Down | O62: min | P62: 1440 | Q62: ='1'!Q62+'2'!P62+'3'!P62+'4'!P62 -> 5760
A63: 15 - 16 | L63: b. Peak Hour | O63: min | P63: 0 | Q63: ='1'!Q63+'2'!P63+'3'!P63+'4'!P63 -> 0
A64: 16 - 17 | L64: c. Others | O64: min | P64: 0 | Q64: ='1'!Q64+'2'!P64+'3'!P64+'4'!P64 -> 0 | S64: 4.1 Detail Cobble | V64: D | W64: M-to-D
A65: 17 - 18 | L65: 3. Delay Maintenance (a+b+c) | O65: min | P65: =SUM(P66:P68) -> 0 | Q65: ='1'!Q65+'2'!P65+'3'!P65+'4'!P65 -> 0 | S65: a. Operation | U65: Pcs | W65: =+'3'!W65+'4'!V65 -> 0
A66: 18 - 19 | L66: a. Daily Maintenance | O66: min | P66: 0 | Q66: ='1'!Q66+'2'!P66+'3'!P66+'4'!P66 -> 0 | S66: b. Mechanical | U66: Pcs | W66: =+'3'!W66+'4'!V66 -> 0
A67: 19 - 20 | L67: b. Section / Pass / Grade Change | O67: min | P67: 0 | Q67: ='1'!Q67+'2'!P67+'3'!P67+'4'!P67 -> 0 | S67: c. Electrical | U67: Pcs | W67: =+'3'!W67+'4'!V67 -> 0
A68: 20 - 21 | L68: c. Section Setting | O68: min | P68: 0 | Q68: ='1'!Q68+'2'!P68+'3'!P68+'4'!P68 -> 0 | S68: d. Material / Billet Defect | U68: Pcs | W68: =+'3'!W68+'4'!V68 -> 0
A69: 21 - 22 | L69: 4. Break Down | O69: min | P69: =SUM(P70:P74) -> 0 | Q69: ='1'!Q69+'2'!P69+'3'!P69+'4'!P69 -> 0 | S69: e. Un-Controllable | U69: Pcs | W69: =+'3'!W69+'4'!V69 -> 0
A70: 22 - 23 | L70: a. Operation | O70: min | P70: 0 | Q70: ='1'!Q70+'2'!P70+'3'!P70+'4'!P70 -> 0 | R70: =T55*30 -> 0
A71: 23 - 24 | L71: b. Mechanical | O71: min | P71: 0 | Q71: ='1'!Q71+'2'!P71+'3'!P71+'4'!P71 -> 0 | R71: =T55*25 -> 0
A72: 24 - 01 | L72: c. Electrical | O72: min | P72: 0 | Q72: ='1'!Q72+'2'!P72+'3'!P72+'4'!P72 -> 0 | R72: =T55*10 -> 0
A73: 01 - 02 | L73: d. Material / Billet Defect | O73: min | P73: 0 | Q73: ='1'!Q73+'2'!P73+'3'!P73+'4'!P73 -> 0
A74: 02 - 03 | L74: e. Un-Controllable | O74: min | P74: 0 | Q74: ='1'!Q74+'2'!P74+'3'!P74+'4'!P74 -> 0
A75: 03 - 04 | L75: 5. Production Time Available (1-2) | O75: min | P75: =P60-P61 -> 0 | Q75: ='1'!Q75+'2'!P75+'3'!P75+'4'!P75 -> 0
A76: 04 - 05 | L76: 6. Registered Delay (3+4) | O76: min | P76: =P65+P69 -> 0 | Q76: ='1'!Q76+'2'!P76+'3'!P76+'4'!P76 -> 0
A77: 05 - 06 | L77: 7. Delay Counter | O77: min | P77: 0 | Q77: ='1'!Q77+'2'!P77+'3'!P77+'4'!P77 -> 0
A78: 06 - 07 | L78: 8. Slow Rolling (7-6) | O78: min | P78: =+P77-P76 -> 0 | Q78: ='1'!Q78+'2'!P78+'3'!P78+'4'!P78 -> 0
B79: =SUM(B55:B78) -> 0 | C79: =SUM(C55:C78) -> 0 | J79: =SUM(J55:J78) -> 1440 | L79: 9. Effective Production Time (5-6-8) | O79: min | P79: =+P75-P76-P78 -> 0 | Q79: ='1'!Q79+'2'!P79+'3'!P79+'4'!P79 -> 0
L80: 10. a. Nett Utilization (9/5) | O80: % | P80: =P79/P75 -> #DIV/0! | Q80: =Q79/Q75 -> #DIV/0! | R80: 0.86
A81: NOTES | L81: b. Gross Utilization (9/1) | O81: % | P81: =P79/P60 -> 0 | Q81: =Q79/Q60 -> 0
L82: 11. a. Nett Rolling Rate (Billet / (9)) | O82: MT/hour | P82: =(C16/1000)/(P79/60) -> #DIV/0! | Q82: =(C26/1000)/(Q79/60) -> #DIV/0!
L83: b. Gross Rolling Rate (Billet / (5)) | O83: MT/hour | P83: =(C16/1000)/(P75/60) -> #DIV/0! | Q83: =(C26/1000)/(Q75/60) -> #DIV/0!
L84: 12. Gas Consumption | O84: Nmc | P84: 613 | Q84: ='1'!Q84+'2'!P84+'3'!P84+'4'!P84 -> 613
O85: Nmc/ T | P85: =P84/(K17/1000) -> #DIV/0! | Q85: =Q84/(K27/1000) -> #DIV/0!
L86: 13. Electricity Consumption | O86: MWH | P86: 15.76 | Q86: ='1'!Q86+'2'!P86+'3'!P86+'4'!P86 -> 37.56
O87: KWH / T | P87: =(P86*1000)/(K16/1000) -> #DIV/0! | Q87: =(Q86*1000)/(K26/1000) -> #DIV/0!
L88: 14. Water Consumption | O88: M3 | P88: 134 | Q88: ='1'!Q88+'2'!P88+'3'!P88+'4'!P88 -> 134
O89: M3 / Ton | P89: =P88/(K16/1000) -> #DIV/0! | Q89: =Q88/(K26/1000) -> #DIV/0!
N91: SM | P91: GM

Sheet 5
A1: TMS 4 | B1: WR | P1: Page | Q1: 1/2
A2: DAILY PRODUCTION REPORT
A3: ='4'!A3:Q3+1 -> 46027
A4: BILLET | G4: PRODUCT
A5: Rolled | D5: Cobble | G5: A1 | M5: WIP
A6: ID | B6: Pc | C6: Kg | D6: Pc | E6: Kg | F6: % | G6: Type | H6: Section | I6: Grade | J6: Coil | K6: Kg | L6: Yield | M6: Coil | N6: Kg
G7: WR | L7: =K7/C7 -> #DIV/0!
G8: WR | L8: =K8/C8 -> #DIV/0!
G9: WR | L9: =K9/C9 -> #DIV/0!
G10: WR | L10: =K10/C10 -> #DIV/0!
G11: WR | L11: =K11/C11 -> #DIV/0!
G12: WR | L12: =K12/C12 -> #DIV/0!
G13: WR | L13: =K13/C13 -> #DIV/0!
G14: WR | L14: =K14/C14 -> #DIV/0!
G15: WR | L15: =K15/C15 -> #DIV/0!
B16: =SUM(B7:B15) -> 0 | C16: =SUM(C7:C15) -> 0 | D16: =SUM(D7:D15) -> 0 | E16: =SUM(E7:E15) -> 0 | F16: =E16/C16 -> #DIV/0! | J16: =SUM(J7:J15) -> 0 | K16: =SUM(K7:K15) -> 0 | L16: =K16/C16 -> #DIV/0! | M16: =SUM(M7:M15) -> 0 | N16: =SUM(N7:N15) -> 0
A17: Total Production A1 + WIP | K17: =K16+N16 -> 0 | L17: =K17/C16 -> #DIV/0!
A18: MONTH-TO-DATE
A19: BILLET | G19: PRODUCT
A20: Rolled | D20: Cobble | G20: A1 | M20: WIP
B21: Pc | C21: Kg | D21: Pc | E21: Kg | F21: % | G21: Type | J21: Coil | K21: Kg | L21: Yield | M21: Coil | N21: Kg
B22: ='4'!B22+'5'!B16 -> 0 | C22: ='4'!C22+'5'!C16 -> 0 | D22: ='4'!D22+'5'!D16 -> 0 | E22: ='4'!E22+'5'!E16 -> 0 | F22: =E22/C22 -> #DIV/0! | G22: WR | J22: ='4'!J22+'5'!J16 -> 0 | K22: ='4'!K22+'5'!K16 -> 0 | L22: =K22/C22 -> #DIV/0! | M22: ='4'!M22+'5'!M16 -> 0 | N22: ='4'!N22+'5'!N16 -> 0
B23: ='4'!B23 -> 0 | C23: ='4'!C23 -> 0 | D23: ='4'!D23 -> 0 | E23: ='4'!E23 -> 0 | F23: =E23/C23 -> #DIV/0! | G23: BIC | J23: ='4'!J23 -> 0 | K23: ='4'!K23 -> 0 | L23: =K23/C23 -> #DIV/0! | M23: ='4'!M23 -> 0 | N23: ='4'!N23 -> 0
B24: ='4'!B24 -> 0 | C24: ='4'!C24 -> 0 | D24: ='4'!D24 -> 0 | E24: ='4'!E24 -> 0 | F24: =E24/C24 -> #DIV/0! | G24: MIC | J24: ='4'!J24 -> 0 | K24: ='4'!K24 -> 0 | L24: =K24/C24 -> #DIV/0! | M24: ='4'!M24 -> 0 | N24: ='4'!N24 -> 0
B26: =SUM(B21:B25) -> 0 | C26: =SUM(C21:C25) -> 0 | D26: =SUM(D21:D25) -> 0 | E26: =SUM(E22:E25) -> 0 | F26: =E26/C26 -> #DIV/0! | J26: =SUM(J22:J25) -> 0 | K26: =SUM(K22:K25) -> 0 | L26: =K26/C26 -> #DIV/0! | M26: =SUM(M22:M25) -> 0 | N26: =SUM(N22:N25) -> 0
A27: Total Production A1 + WIP | K27: =K26+N26 -> 0 | L27: =K27/C26 -> #DIV/0!
A29: Type | B29: Section | C29: Grade | D29: Coil | E29: Kg | G29: Type | H29: Section | I29: Grade | J29: Coil | K29: Kg | M29: Type | N29: Section | O29: Grade | P29: Coil | Q29: Kg
A30: ='4'!A30 -> WR | B30: ='4'!B30 -> 0 | C30: ='4'!C30 -> 0 | D30: ='4'!D30 -> 0 | E30: ='4'!E30 -> 0 | G30: ='4'!G30 -> WR | H30: ='4'!H30 -> 0 | I30: ='4'!I30 -> 0 | J30: ='4'!J30 -> 0 | K30: ='4'!K30 -> 0 | M30: ='4'!M30 -> WR | N30: ='4'!N30 -> 0 | O30: ='4'!O30 -> 0 | P30: ='4'!P30 -> 0 | Q30: ='4'!Q30 -> 0
A31: ='4'!A31 -> WR | B31: ='4'!B31 -> 0 | C31: ='4'!C31 -> 0 | D31: ='4'!D31 -> 0 | E31: ='4'!E31 -> 0 | G31: ='4'!G31 -> WR | H31: ='4'!H31 -> 0 | I31: ='4'!I31 -> 0 | J31: ='4'!J31 -> 0 | K31: ='4'!K31 -> 0 | M31: ='4'!M31 -> WR | N31: ='4'!N31 -> 0 | O31: ='4'!O31 -> 0 | P31: ='4'!P31 -> 0 | Q31: ='4'!Q31 -> 0
A32: ='4'!A32 -> WR | B32: ='4'!B32 -> 0 | C32: ='4'!C32 -> 0 | D32: ='4'!D32 -> 0 | E32: ='4'!E32 -> 0 | G32: ='4'!G32 -> WR | H32: ='4'!H32 -> 0 | I32: ='4'!I32 -> 0 | J32: ='4'!J32 -> 0 | K32: ='4'!K32 -> 0 | M32: ='4'!M32 -> WR | N32: ='4'!N32 -> 0 | O32: ='4'!O32 -> 0 | P32: ='4'!P32 -> 0 | Q32: ='4'!Q32 -> 0
A33: ='4'!A33 -> WR | B33: ='4'!B33 -> 0 | C33: ='4'!C33 -> 0 | D33: ='4'!D33 -> 0 | E33: ='4'!E33 -> 0 | G33: ='4'!G33 -> WR | H33: ='4'!H33 -> 0 | I33: ='4'!I33 -> 0 | J33: ='4'!J33 -> 0 | K33: ='4'!K33 -> 0 | M33: ='4'!M33 -> WR | N33: ='4'!N33 -> 0 | O33: ='4'!O33 -> 0 | P33: ='4'!P33 -> 0 | Q33: ='4'!Q33 -> 0
A34: ='4'!A34 -> WR | B34: ='4'!B34 -> 0 | C34: ='4'!C34 -> 0 | D34: ='4'!D34 -> 0 | E34: ='4'!E34 -> 0 | G34: ='4'!G34 -> WR | H34: ='4'!H34 -> 0 | I34: ='4'!I34 -> 0 | J34: ='4'!J34 -> 0 | K34: ='4'!K34 -> 0 | M34: ='4'!M34 -> WR | N34: ='4'!N34 -> 0 | O34: ='4'!O34 -> 0 | P34: ='4'!P34 -> 0 | Q34: ='4'!Q34 -> 0
A35: ='4'!A35 -> WR | B35: ='4'!B35 -> 0 | C35: ='4'!C35 -> 0 | D35: ='4'!D35 -> 0 | E35: ='4'!E35 -> 0 | G35: ='4'!G35 -> WR | H35: ='4'!H35 -> 0 | I35: ='4'!I35 -> 0 | J35: ='4'!J35 -> 0 | K35: ='4'!K35 -> 0 | M35: ='4'!M35 -> WR | N35: ='4'!N35 -> 0 | O35: ='4'!O35 -> 0 | P35: ='4'!P35 -> 0 | Q35: ='4'!Q35 -> 0
A36: ='4'!A36 -> WR | B36: ='4'!B36 -> 0 | C36: ='4'!C36 -> 0 | D36: ='4'!D36 -> 0 | E36: ='4'!E36 -> 0 | G36: ='4'!G36 -> WR | H36: ='4'!H36 -> 0 | I36: ='4'!I36 -> 0 | J36: ='4'!J36 -> 0 | K36: ='4'!K36 -> 0 | M36: ='4'!M36 -> WR | N36: ='4'!N36 -> 0 | O36: ='4'!O36 -> 0 | P36: ='4'!P36 -> 0 | Q36: ='4'!Q36 -> 0
A37: ='4'!A37 -> WR | B37: ='4'!B37 -> 0 | C37: ='4'!C37 -> 0 | D37: ='4'!D37 -> 0 | E37: ='4'!E37 -> 0 | G37: ='4'!G37 -> WR | H37: ='4'!H37 -> 0 | I37: ='4'!I37 -> 0 | J37: ='4'!J37 -> 0 | K37: ='4'!K37 -> 0 | M37: ='4'!M37 -> WR | N37: ='4'!N37 -> 0 | O37: ='4'!O37 -> 0 | P37: ='4'!P37 -> 0 | Q37: ='4'!Q37 -> 0
A38: ='4'!A38 -> WR | B38: ='4'!B38 -> 0 | C38: ='4'!C38 -> 0 | D38: ='4'!D38 -> 0 | E38: ='4'!E38 -> 0 | G38: ='4'!G38 -> WR | H38: ='4'!H38 -> 0 | I38: ='4'!I38 -> 0 | J38: ='4'!J38 -> 0 | K38: ='4'!K38 -> 0 | M38: ='4'!M38 -> WR | N38: ='4'!N38 -> 0 | O38: ='4'!O38 -> 0 | P38: ='4'!P38 -> 0 | Q38: ='4'!Q38 -> 0
A39: ='4'!A39 -> WR | B39: ='4'!B39 -> 0 | C39: ='4'!C39 -> 0 | D39: ='4'!D39 -> 0 | E39: ='4'!E39 -> 0 | G39: ='4'!G39 -> WR | H39: ='4'!H39 -> 0 | I39: ='4'!I39 -> 0 | J39: ='4'!J39 -> 0 | K39: ='4'!K39 -> 0 | M39: ='4'!M39 -> WR | N39: ='4'!N39 -> 0 | O39: ='4'!O39 -> 0 | P39: ='4'!P39 -> 0 | Q39: ='4'!Q39 -> 0
A40: ='4'!A40 -> WR | B40: ='4'!B40 -> 0 | C40: ='4'!C40 -> 0 | D40: ='4'!D40 -> 0 | E40: ='4'!E40 -> 0 | G40: ='4'!G40 -> WR | H40: ='4'!H40 -> 0 | I40: ='4'!I40 -> 0 | J40: ='4'!J40 -> 0 | K40: ='4'!K40 -> 0 | M40: ='4'!M40 -> WR | N40: ='4'!N40 -> 0 | O40: ='4'!O40 -> 0 | P40: ='4'!P40 -> 0 | Q40: ='4'!Q40 -> 0
A41: ='4'!A41 -> WR | B41: ='4'!B41 -> 0 | C41: ='4'!C41 -> 0 | D41: ='4'!D41 -> 0 | E41: ='4'!E41 -> 0 | G41: ='4'!G41 -> WR | H41: ='4'!H41 -> 0 | I41: ='4'!I41 -> 0 | J41: ='4'!J41 -> 0 | K41: ='4'!K41 -> 0 | M41: ='4'!M41 -> WR | N41: ='4'!N41 -> 0 | O41: ='4'!O41 -> 0 | P41: ='4'!P41 -> 0 | Q41: ='4'!Q41 -> 0
... A49: ='4'!A49 -> WR | B49: ='4'!B49 -> 0 | C49: ='4'!C49 -> 0 | D49: ='4'!D49 -> 0 | E49: ='4'!E49 -> 0 | G49: ='4'!G49 -> WR | H49: ='4'!H49 -> 0 | I49: ='4'!I49 -> 0 | J49: ='4'!J49 -> 0 | K49: ='4'!K49 -> 0 | M49: ='4'!M49 -> WR | N49: ='4'!N49 -> 0 | O49: ='4'!O49 -> 0 | P49: ='4'!P49 -> 0 | Q49: ='4'!Q49 -> 0
A50: =A1 -> TMS 4 | B50: =B1 -> WR | P50: Page | Q50: 2/2
A51: PRODUCTIVITY & OPERATION REPORT
A52: =A3 -> 46027
A53: Time | B53: Billet Rolled | C53: Cobble | D53: Details of Breakdown | J53: min | L53: Parameter | O53: Unit | P53: D | Q53: M-to-D | R53: TARGET | S53: JML | T53: HARI | U53: HARI
A54: Range | B54: (pcs) | R54: M-to-D | S54: HARI | T54: PRODUKSI | U54: STOP. PRD
A55: 07 - 08 | D55: WRM Stop produksi | J55: 1440 | L55: Billet Rolled | O55: Kg | P55: =C16 -> 0 | Q55: =C26 -> 0 | S55: =DAY(A52) -> 5 | T55: =S55-U55 -> 0 | U55: 5
A56: 08 - 09 | L56: A1+WIP | O56: Kg | P56: =K17 -> 0 | Q56: =K27 -> 0
A57: 09 - 10 | L57: Yield | O57: % | P57: =L17 -> #DIV/0! | Q57: =L27 -> #DIV/0! | R57: 0.985
A58: 10 - 11 | L58: Coble | O58: Kg | P58: =E16 -> 0 | Q58: =E26 -> 0
A59: 11 - 12 | O59: % | P59: =F16 -> #DIV/0! | Q59: =F26 -> #DIV/0! | R59: 0.0015
A60: 12 - 13 | L60: 1. Working Time Available | O60: min | P60: 1440 | Q60: ='1'!Q60+'2'!P60+'3'!P60+'4'!P60+'5'!P60 -> 7200
A61: 13 - 14 | L61: 2. Planned Stoppage (a+b+c) | O61: min | P61: =SUM(P62:P64) -> 1440 | Q61: ='1'!Q61+'2'!P61+'3'!P61+'4'!P61+'5'!P61 -> 7200
A62: 14 - 15 | L62: a. Shut Down | O62: min | P62: 1440 | Q62: ='1'!Q62+'2'!P62+'3'!P62+'4'!P62+'5'!P62 -> 7200
A63: 15 - 16 | L63: b. Peak Hour | O63: min | P63: 0 | Q63: ='1'!Q63+'2'!P63+'3'!P63+'4'!P63+'5'!P63 -> 0
A64: 16 - 17 | L64: c. Others | O64: min | P64: 0 | Q64: ='1'!Q64+'2'!P64+'3'!P64+'4'!P64+'5'!P64 -> 0 | S64: 4.1 Detail Cobble | V64: D | W64: M-to-D
A65: 17 - 18 | L65: 3. Delay Maintenance (a+b+c) | O65: min | P65: =SUM(P66:P68) -> 0 | Q65: ='1'!Q65+'2'!P65+'3'!P65+'4'!P65+'5'!P65 -> 0 | S65: a. Operation | U65: Pcs | W65: =+'4'!W65+'5'!V65 -> 0
A66: 18 - 19 | L66: a. Daily Maintenance | O66: min | P66: 0 | Q66: ='1'!Q66+'2'!P66+'3'!P66+'4'!P66+'5'!P66 -> 0 | S66: b. Mechanical | U66: Pcs | W66: =+'4'!W66+'5'!V66 -> 0
A67: 19 - 20 | L67: b. Section / Pass / Grade Change | O67: min | P67: 0 | Q67: ='1'!Q67+'2'!P67+'3'!P67+'4'!P67+'5'!P67 -> 0 | S67: c. Electrical | U67: Pcs | W67: =+'4'!W67+'5'!V67 -> 0
A68: 20 - 21 | L68: c. Section Setting | O68: min | P68: 0 | Q68: ='1'!Q68+'2'!P68+'3'!P68+'4'!P68+'5'!P68 -> 0 | S68: d. Material / Billet Defect | U68: Pcs | W68: =+'4'!W68+'5'!V68 -> 0
A69: 21 - 22 | L69: 4. Break Down | O69: min | P69: =SUM(P70:P74) -> 0 | Q69: ='1'!Q69+'2'!P69+'3'!P69+'4'!P69+'5'!P69 -> 0 | S69: e. Un-Controllable | U69: Pcs | W69: =+'4'!W69+'5'!V69 -> 0
A70: 22 - 23 | L70: a. Operation | O70: min | P70: 0 | Q70: ='1'!Q70+'2'!P70+'3'!P70+'4'!P70+'5'!P70 -> 0 | R70: =T55*30 -> 0
A71: 23 - 24 | L71: b. Mechanical | O71: min | P71: 0 | Q71: ='1'!Q71+'2'!P71+'3'!P71+'4'!P71+'5'!P71 -> 0 | R71: =T55*25 -> 0
A72: 24 - 01 | L72: c. Electrical | O72: min | P72: 0 | Q72: ='1'!Q72+'2'!P72+'3'!P72+'4'!P72+'5'!P72 -> 0 | R72: =T55*10 -> 0
A73: 01 - 02 | L73: d. Material / Billet Defect | O73: min | P73: 0 | Q73: ='1'!Q73+'2'!P73+'3'!P73+'4'!P73+'5'!P73 -> 0
A74: 02 - 03 | L74: e. Un-Controllable | O74: min | P74: 0 | Q74: ='1'!Q74+'2'!P74+'3'!P74+'4'!P74+'5'!P74 -> 0
A75: 03 - 04 | L75: 5. Production Time Available (1-2) | O75: min | P75: =P60-P61 -> 0 | Q75: ='1'!Q75+'2'!P75+'3'!P75+'4'!P75+'5'!P75 -> 0
A76: 04 - 05 | L76: 6. Registered Delay (3+4) | O76: min | P76: =P65+P69 -> 0 | Q76: ='1'!Q76+'2'!P76+'3'!P76+'4'!P76+'5'!P76 -> 0
A77: 05 - 06 | L77: 7. Delay Counter | O77: min | P77: 0 | Q77: ='1'!Q77+'2'!P77+'3'!P77+'4'!P77+'5'!P77 -> 0
A78: 06 - 07 | L78: 8. Slow Rolling (7-6) | O78: min | P78: =+P77-P76 -> 0 | Q78: ='1'!Q78+'2'!P78+'3'!P78+'4'!P78+'5'!P78 -> 0
B79: =SUM(B55:B78) -> 0 | C79: =SUM(C55:C78) -> 0 | J79: =SUM(J55:J78) -> 1440 | L79: 9. Effective Production Time (5-6-8) | O79: min | P79: =+P75-P76-P78 -> 0 | Q79: ='1'!Q79+'2'!P79+'3'!P79+'4'!P79+'5'!P79 -> 0
L80: 10. a. Nett Utilization (9/5) | O80: % | P80: =P79/P75 -> #DIV/0! | Q80: =Q79/Q75 -> #DIV/0! | R80: 0.86
A81: NOTES | L81: b. Gross Utilization (9/1) | O81: % | P81: =P79/P60 -> 0 | Q81: =Q79/Q60 -> 0
L82: 11. a. Nett Rolling Rate (Billet / (9)) | O82: MT/hour | P82: =(C16/1000)/(P79/60) -> #DIV/0! | Q82: =(C26/1000)/(Q79/60) -> #DIV/0!
L83: b. Gross Rolling Rate (Billet / (5)) | O83: MT/hour | P83: =(C16/1000)/(P75/60) -> #DIV/0! | Q83: =(C26/1000)/(Q75/60) -> #DIV/0!
L84: 12. Gas Consumption | O84: Nmc | P84: 11908 | Q84: ='1'!Q84+'2'!P84+'3'!P84+'4'!P84+'5'!P84 -> 12521
O85: Nmc/ T | P85: =P84/(K17/1000) -> #DIV/0! | Q85: =Q84/(K27/1000) -> #DIV/0!
L86: 13. Electricity Consumption | O86: MWH | P86: 30.69 | Q86: ='1'!Q86+'2'!P86+'3'!P86+'4'!P86+'5'!P86 -> 68.25
O87: KWH / T | P87: =(P86*1000)/(K16/1000) -> #DIV/0! | Q87: =(Q86*1000)/(K26/1000) -> #DIV/0!
L88: 14. Water Consumption | O88: M3 | P88: 0 | Q88: ='1'!Q88+'2'!P88+'3'!P88+'4'!P88+'5'!P88 -> 134
O89: M3 / Ton | P89: =P88/(K16/1000) -> #DIV/0! | Q89: =Q88/(K26/1000) -> #DIV/0!
N91: SM | P91: GM

Sheet 6
A1: TMS 4 | B1: WR | P1: Page | Q1: 1/2
A2: DAILY PRODUCTION REPORT
A3: ='5'!A3:Q3+1 -> 46028
A4: BILLET | G4: PRODUCT
A5: Rolled | D5: Cobble | G5: A1 | M5: WIP
A6: ID | B6: Pc | C6: Kg | D6: Pc | E6: Kg | F6: % | G6: Type | H6: Section | I6: Grade | J6: Coil | K6: Kg | L6: Yield | M6: Coil | N6: Kg
A7: 5GX-01 | B7: 248 | C7: 523032 | D7: 5 | E7: 10545 | F7: =E7/C7 -> 0.02016129 | G7: BIC | H7: P.6 | I7: BjTPG280 | J7: 239 | K7: 497038 | L7: =K7/C7 -> 0.95030132 | M7: 4 | N7: 7662
A8: 5GX-01 | B8: 8 | C8: 16872 | D8: 1 | E8: 2109 | F8: =E8/C8 -> 0.125 | G8: WR | H8: 6.5 | I8: Bj KR 15 | J8: 6 | K8: 12304 | L8: =K8/C8 -> 0.72925557 | M8: 1 | N8: 2055
A9: 5LX-03 | B9: 144 | C9: 305424 | G9: WR | H9: 6.5 | I9: Bj KR 8 | J9: 144 | K9: 301505 | L9: =K9/C9 -> 0.98716866
A10: 5GX-02 | B10: 46 | C10: 96508 | G10: WR | H10: 6.5 | I10: Bj KR 10 | J10: 46 | K10: 95025 | L10: =K10/C10 -> 0.9846334
G11: WR | L11: =K11/C11 -> #DIV/0!
G12: WR | L12: =K12/C12 -> #DIV/0!
G13: WR | L13: =K13/C13 -> #DIV/0!
G14: WR | L14: =K14/C14 -> #DIV/0!
G15: WR | L15: =K15/C15 -> #DIV/0!
B16: =SUM(B7:B15) -> 446 | C16: =SUM(C7:C15) -> 941836 | D16: =SUM(D7:D15) -> 6 | E16: =SUM(E7:E15) -> 12654 | F16: =E16/C16 -> 0.01343546 | J16: =SUM(J7:J15) -> 435 | K16: =SUM(K7:K15) -> 905872 | L16: =K16/C16 -> 0.96181501 | M16: =SUM(M7:M15) -> 5 | N16: =SUM(N7:N15) -> 9717
A17: Total Production A1 + WIP | K17: =K16+N16 -> 915589 | L17: =K17/C16 -> 0.97213209
A18: MONTH-TO-DATE
A19: BILLET | G19: PRODUCT
A20: Rolled | D20: Cobble | G20: A1 | M20: WIP
B21: Pc | C21: Kg | D21: Pc | E21: Kg | F21: % | G21: Type | J21: Coil | K21: Kg | L21: Yield | M21: Coil | N21: Kg
B22: ='5'!B22+B8+B9+B10 -> 198 | C22: ='5'!C22+C8+C9+C10 -> 418804 | D22: ='5'!D22+D8+D9+D10 -> 1 | E22: ='5'!E22+E8+E9+E10 -> 2109 | F22: =E22/C22 -> 0.0050357685 | G22: WR | J22: ='5'!J22+J8+J9+J10 -> 196 | K22: ='5'!K22+K8+K9+K10 -> 408834 | L22: =K22/C22 -> 0.97619411 | M22: ='5'!M22+M8+M9+M10 -> 1 | N22: ='5'!N22+N8+N9+N10 -> 2055
B23: =B7 -> 248 | C23: =C7 -> 523032 | D23: =D7 -> 5 | E23: =E7 -> 10545 | F23: =E23/C23 -> 0.02016129 | G23: BIC | J23: =J7 -> 239 | K23: =K7 -> 497038 | L23: =K23/C23 -> 0.95030132 | M23: =M7 -> 4 | N23: =N7 -> 7662
B24: ='5'!B24 -> 0 | C24: ='5'!C24 -> 0 | D24: ='5'!D24 -> 0 | E24: ='5'!E24 -> 0 | F24: =E24/C24 -> #DIV/0! | G24: MIC | J24: ='5'!J24 -> 0 | K24: ='5'!K24 -> 0 | L24: =K24/C24 -> #DIV/0! | M24: ='5'!M24 -> 0 | N24: ='5'!N24 -> 0
B26: =SUM(B21:B25) -> 446 | C26: =SUM(C21:C25) -> 941836 | D26: =SUM(D21:D25) -> 6 | E26: =SUM(E22:E25) -> 12654 | F26: =E26/C26 -> 0.01343546 | J26: =SUM(J22:J25) -> 435 | K26: =SUM(K22:K25) -> 905872 | L26: =K26/C26 -> 0.96181501 | M26: =SUM(M22:M25) -> 5 | N26: =SUM(N22:N25) -> 9717
A27: Total Production A1 + WIP | K27: =K26+N26 -> 915589 | L27: =K27/C26 -> 0.97213209
A29: Type | B29: Section | C29: Grade | D29: Coil | E29: Kg | G29: Type | H29: Section | I29: Grade | J29: Coil | K29: Kg | M29: Type | N29: Section | O29: Grade | P29: Coil | Q29: Kg
A30: BIC | B30: P.6 | C30: BjTPG280 | D30: =J7 -> 239 | E30: =K7 -> 497038 | G30: ='5'!G30 -> WR | H30: ='5'!H30 -> 0 | I30: ='5'!I30 -> 0 | J30: ='5'!J30 -> 0 | K30: ='5'!K30 -> 0 | M30: ='5'!M30 -> WR | N30: ='5'!N30 -> 0 | O30: ='5'!O30 -> 0 | P30: ='5'!P30 -> 0 | Q30: ='5'!Q30 -> 0
A31: ='5'!A31 -> WR | B31: 6.5 | C31: 8 | D31: =J9 -> 144 | E31: =K9 -> 301505 | G31: ='5'!G31 -> WR | H31: ='5'!H31 -> 0 | I31: ='5'!I31 -> 0 | J31: ='5'!J31 -> 0 | K31: ='5'!K31 -> 0 | M31: ='5'!M31 -> WR | N31: ='5'!N31 -> 0 | O31: ='5'!O31 -> 0 | P31: ='5'!P31 -> 0 | Q31: ='5'!Q31 -> 0
A32: ='5'!A32 -> WR | B32: 6.5 | C32: 10 | D32: =J10 -> 46 | E32: =K10 -> 95025 | G32: ='5'!G32 -> WR | H32: ='5'!H32 -> 0 | I32: ='5'!I32 -> 0 | J32: ='5'!J32 -> 0 | K32: ='5'!K32 -> 0 | M32: ='5'!M32 -> WR | N32: ='5'!N32 -> 0 | O32: ='5'!O32 -> 0 | P32: ='5'!P32 -> 0 | Q32: ='5'!Q32 -> 0
A33: ='5'!A33 -> WR | B33: 6.5 | C33: 15 | D33: =J8 -> 6 | E33: =K8 -> 12304 | G33: ='5'!G33 -> WR | H33: ='5'!H33 -> 0 | I33: ='5'!I33 -> 0 | J33: ='5'!J33 -> 0 | K33: ='5'!K33 -> 0 | M33: ='5'!M33 -> WR | N33: ='5'!N33 -> 0 | O33: ='5'!O33 -> 0 | P33: ='5'!P33 -> 0 | Q33: ='5'!Q33 -> 0
A34: ='5'!A34 -> WR | B34: ='5'!B34 -> 0 | C34: ='5'!C34 -> 0 | D34: ='5'!D34 -> 0 | E34: ='5'!E34 -> 0 | G34: ='5'!G34 -> WR | H34: ='5'!H34 -> 0 | I34: ='5'!I34 -> 0 | J34: ='5'!J34 -> 0 | K34: ='5'!K34 -> 0 | M34: ='5'!M34 -> WR | N34: ='5'!N34 -> 0 | O34: ='5'!O34 -> 0 | P34: ='5'!P34 -> 0 | Q34: ='5'!Q34 -> 0
A35: ='5'!A35 -> WR | B35: ='5'!B35 -> 0 | C35: ='5'!C35 -> 0 | D35: ='5'!D35 -> 0 | E35: ='5'!E35 -> 0 | G35: ='5'!G35 -> WR | H35: ='5'!H35 -> 0 | I35: ='5'!I35 -> 0 | J35: ='5'!J35 -> 0 | K35: ='5'!K35 -> 0 | M35: ='5'!M35 -> WR | N35: ='5'!N35 -> 0 | O35: ='5'!O35 -> 0 | P35: ='5'!P35 -> 0 | Q35: ='5'!Q35 -> 0
A36: ='5'!A36 -> WR | B36: ='5'!B36 -> 0 | C36: ='5'!C36 -> 0 | D36: ='5'!D36 -> 0 | E36: ='5'!E36 -> 0 | G36: ='5'!G36 -> WR | H36: ='5'!H36 -> 0 | I36: ='5'!I36 -> 0 | J36: ='5'!J36 -> 0 | K36: ='5'!K36 -> 0 | M36: ='5'!M36 -> WR | N36: ='5'!N36 -> 0 | O36: ='5'!O36 -> 0 | P36: ='5'!P36 -> 0 | Q36: ='5'!Q36 -> 0
A37: ='5'!A37 -> WR | B37: ='5'!B37 -> 0 | C37: ='5'!C37 -> 0 | D37: ='5'!D37 -> 0 | E37: ='5'!E37 -> 0 | G37: ='5'!G37 -> WR | H37: ='5'!H37 -> 0 | I37: ='5'!I37 -> 0 | J37: ='5'!J37 -> 0 | K37: ='5'!K37 -> 0 | M37: ='5'!M37 -> WR | N37: ='5'!N37 -> 0 | O37: ='5'!O37 -> 0 | P37: ='5'!P37 -> 0 | Q37: ='5'!Q37 -> 0
A38: ='5'!A38 -> WR | B38: ='5'!B38 -> 0 | C38: ='5'!C38 -> 0 | D38: ='5'!D38 -> 0 | E38: ='5'!E38 -> 0 | G38: ='5'!G38 -> WR | H38: ='5'!H38 -> 0 | I38: ='5'!I38 -> 0 | J38: ='5'!J38 -> 0 | K38: ='5'!K38 -> 0 | M38: ='5'!M38 -> WR | N38: ='5'!N38 -> 0 | O38: ='5'!O38 -> 0 | P38: ='5'!P38 -> 0 | Q38: ='5'!Q38 -> 0
A39: ='5'!A39 -> WR | B39: ='5'!B39 -> 0 | C39: ='5'!C39 -> 0 | D39: ='5'!D39 -> 0 | E39: ='5'!E39 -> 0 | G39: ='5'!G39 -> WR | H39: ='5'!H39 -> 0 | I39: ='5'!I39 -> 0 | J39: ='5'!J39 -> 0 | K39: ='5'!K39 -> 0 | M39: ='5'!M39 -> WR | N39: ='5'!N39 -> 0 | O39: ='5'!O39 -> 0 | P39: ='5'!P39 -> 0 | Q39: ='5'!Q39 -> 0
A40: ='5'!A40 -> WR | B40: ='5'!B40 -> 0 | C40: ='5'!C40 -> 0 | D40: ='5'!D40 -> 0 | E40: ='5'!E40 -> 0 | G40: ='5'!G40 -> WR | H40: ='5'!H40 -> 0 | I40: ='5'!I40 -> 0 | J40: ='5'!J40 -> 0 | K40: ='5'!K40 -> 0 | M40: ='5'!M40 -> WR | N40: ='5'!N40 -> 0 | O40: ='5'!O40 -> 0 | P40: ='5'!P40 -> 0 | Q40: ='5'!Q40 -> 0
A41: ='5'!A41 -> WR | B41: ='5'!B41 -> 0 | C41: ='5'!C41 -> 0 | D41: ='5'!D41 -> 0 | E41: ='5'!E41 -> 0 | G41: ='5'!G41 -> WR | H41: ='5'!H41 -> 0 | I41: ='5'!I41 -> 0 | J41: ='5'!J41 -> 0 | K41: ='5'!K41 -> 0 | M41: ='5'!M41 -> WR | N41: ='5'!N41 -> 0 | O41: ='5'!O41 -> 0 | P41: ='5'!P41 -> 0 | Q41: ='5'!Q41 -> 0
A42: ='5'!A42 -> WR | B42: ='5'!B42 -> 0 | C42: ='5'!C42 -> 0 | D42: ='5'!D42 -> 0 | E42: ='5'!E42 -> 0 | G42: ='5'!G42 -> WR | H42: ='5'!H42 -> 0 | I42: ='5'!I42 -> 0 | J42: ='5'!J42 -> 0 | K42: ='5'!K42 -> 0 | M42: ='5'!M42 -> WR | N42: ='5'!N42 -> 0 | O42: ='5'!O42 -> 0 | P42: ='5'!P42 -> 0 | Q42: ='5'!Q42 -> 0
A43: ='5'!A43 -> WR | B43: ='5'!B43 -> 0 | C43: ='5'!C43 -> 0 | D43: ='5'!D43 -> 0 | E43: ='5'!E43 -> 0 | G43: ='5'!G43 -> WR | H43: ='5'!H43 -> 0 | I43: ='5'!I43 -> 0 | J43: ='5'!J43 -> 0 | K43: ='5'!K43 -> 0 | M43: ='5'!M43 -> WR | N43: ='5'!N43 -> 0 | O43: ='5'!O43 -> 0 | P43: ='5'!P43 -> 0 | Q43: ='5'!Q43 -> 0
A44: ='5'!A44 -> WR | B44: ='5'!B44 -> 0 | C44: ='5'!C44 -> 0 | D44: ='5'!D44 -> 0 | E44: ='5'!E44 -> 0 | G44: ='5'!G44 -> WR | H44: ='5'!H44 -> 0 | I44: ='5'!I44 -> 0 | J44: ='5'!J44 -> 0 | K44: ='5'!K44 -> 0 | M44: ='5'!M44 -> WR | N44: ='5'!N44 -> 0 | O44: ='5'!O44 -> 0 | P44: ='5'!P44 -> 0 | Q44: ='5'!Q44 -> 0
A45: ='5'!A45 -> WR | B45: ='5'!B45 -> 0 | C45: ='5'!C45 -> 0 | D45: ='5'!D45 -> 0 | E45: ='5'!E45 -> 0 | G45: ='5'!G45 -> WR | H45: ='5'!H45 -> 0 | I45: ='5'!I45 -> 0 | J45: ='5'!J45 -> 0 | K45: ='5'!K45 -> 0 | M45: ='5'!M45 -> WR | N45: ='5'!N45 -> 0 | O45: ='5'!O45 -> 0 | P45: ='5'!P45 -> 0 | Q45: ='5'!Q45 -> 0
... A49: ='5'!A49 -> WR | B49: ='5'!B49 -> 0 | C49: ='5'!C49 -> 0 | D49: ='5'!D49 -> 0 | E49: ='5'!E49 -> 0 | G49: ='5'!G49 -> WR | H49: ='5'!H49 -> 0 | I49: ='5'!I49 -> 0 | J49: ='5'!J49 -> 0 | K49: ='5'!K49 -> 0 | M49: ='5'!M49 -> WR | N49: ='5'!N49 -> 0 | O49: ='5'!O49 -> 0 | P49: ='5'!P49 -> 0 | Q49: ='5'!Q49 -> 0
A50: =A1 -> TMS 4 | B50: =B1 -> WR | P50: Page | Q50: 2/2
A51: PRODUCTIVITY & OPERATION REPORT
A52: =A3 -> 46028 | L52: P.6 - BjTPG280 ; 6.5 - BjKR15, 8, 10
A53: Time | B53: Billet Rolled | C53: Cobble | D53: Details of Breakdown | J53: min | L53: Parameter | O53: Unit | P53: D | Q53: M-to-D | R53: TARGET | S53: JML | T53: HARI | U53: HARI
A54: Range | B54: (pcs) | R54: M-to-D | S54: HARI | T54: PRODUKSI | U54: STOP. PRD
A55: 07 - 08 | B55: 21 | D55: Check section(5) ; Statik guide entry box #14 bagian bawah patah(10) | J55: 15 | L55: Billet Rolled | O55: Kg | P55: =C16 -> 941836 | Q55: =C26 -> 941836 | S55: =DAY(A52) -> 6 | T55: =S55-U55 -> 1 | U55: ='5'!U55 -> 5
A56: 08 - 09 | B56: 26 | L56: A1+WIP | O56: Kg | P56: =K17 -> 915589 | Q56: =K27 -> 915589
A57: 09 - 10 | B57: 21 | D57: Check finger. Coil luka. Lepas pipa drumfinger | J57: 12 | L57: Yield | O57: % | P57: =L17 -> 0.97213209 | Q57: =L27 -> 0.97213209 | R57: 0.985
A58: 10 - 11 | B58: 22 | D58: Baut clamp entry box #2, #6 longgar | J58: 8 | L58: Coble | O58: Kg | P58: =E16 -> 12654 | Q58: =E26 -> 12654
A59: 11 - 12 | B59: 27 | O59: % | P59: =F16 -> 0.01343546 | Q59: =F26 -> 0.01343546 | R59: 0.0015
A60: 12 - 13 | B60: 18 | D60: Ekor coil tersangkut di flaper TFH | J60: 17 | L60: 1. Working Time Available | O60: min | P60: 1440 | Q60: ='1'!Q60+'2'!P60+'3'!P60+'4'!P60+'5'!P60+'6'!P60 -> 8640
A61: 13 - 14 | B61: 18 | C61: 2 | D61: Emergency roll conveyor. Coil goyang saat keluar TFH dan sulit masuk finger | J61: 16 | L61: 2. Planned Stoppage (a+b+c) | O61: min | P61: =SUM(P62:P64) -> 0 | Q61: ='1'!Q61+'2'!P61+'3'!P61+'4'!P61+'5'!P61+'6'!P61 -> 7200
A62: 14 - 15 | B62: 12 | D62: Coil kusut saat keluar TFH dan sulit masuk finger(10) ; Roll table exit BRF mati(19) | J62: 29 | L62: a. Shut Down | O62: min | P62: 0 | Q62: ='1'!Q62+'2'!P62+'3'!P62+'4'!P62+'5'!P62+'6'!P62 -> 7200
A63: 15 - 16 | B63: 23 | L63: b. Peak Hour | O63: min | P63: 0 | Q63: ='1'!Q63+'2'!P63+'3'!P63+'4'!P63+'5'!P63+'6'!P63 -> 0
A64: 16 - 17 | B64: 12 | C64: 1 | D64: Kepala material loop diantara #16 - WCB1. Vlooper tidak naik | J64: 26 | L64: c. Others | O64: min | P64: 0 | Q64: ='1'!Q64+'2'!P64+'3'!P64+'4'!P64+'5'!P64+'6'!P64 -> 0 | S64: 4.1 Detail Cobble | V64: D | W64: M-to-D
A65: 17 - 18 | B65: 14 | C65: 2 | D65: Emergency. Coil kusut saat keluar TFH | J65: 31 | L65: 3. Delay Maintenance (a+b+c) | O65: min | P65: =SUM(P66:P68) -> 80 | Q65: ='1'!Q65+'2'!P65+'3'!P65+'4'!P65+'5'!P65+'6'!P65 -> 80 | S65: a. Operation | U65: Pcs | V65: 2 | W65: =+'5'!W65+'6'!V65 -> 2
A66: 18 - 19 | B66: 22 | L66: a. Daily Maintenance | O66: min | P66: 0 | Q66: ='1'!Q66+'2'!P66+'3'!P66+'4'!P66+'5'!P66+'6'!P66 -> 0 | S66: b. Mechanical | U66: Pcs | V66: 4 | W66: =+'5'!W66+'6'!V66 -> 4
A67: 19 - 20 | B67: 12 | D67: Cylinder hydraulic pit plate Finger bocor | J67: 25 | L67: b. Section / Pass / Grade Change | O67: min | P67: 65 | Q67: ='1'!Q67+'2'!P67+'3'!P67+'4'!P67+'5'!P67+'6'!P67 -> 65 | S67: c. Electrical | U67: Pcs | W67: =+'5'!W67+'6'!V67 -> 0
A68: 20 - 21 | B68: 0 | D68: Cylinder hydraulic pit plate Finger bocor | J68: 60 | L68: c. Section Setting | O68: min | P68: 15 | Q68: ='1'!Q68+'2'!P68+'3'!P68+'4'!P68+'5'!P68+'6'!P68 -> 15 | S68: d. Material / Billet Defect | U68: Pcs | W68: =+'5'!W68+'6'!V68 -> 0
A69: 21 - 22 | B69: 0 | D69: Cylinder hydraulic pit plate Finger bocor(15) ; Ganti section. P.6 - 6.5(45) | J69: 60 | L69: 4. Break Down | O69: min | P69: =SUM(P70:P74) -> 281 | Q69: ='1'!Q69+'2'!P69+'3'!P69+'4'!P69+'5'!P69+'6'!P69 -> 281 | S69: e. Un-Controllable | U69: Pcs | W69: =+'5'!W69+'6'!V69 -> 0
A70: 22 - 23 | B70: 12 | C70: 1 | D70: Ganti section. P.6 - 6.5(15) ; Material bagian tengah putus diantara #10 - #11(5) ; check section(5) | J70: 25 | L70: a. Operation | O70: min | P70: 78 | Q70: ='1'!Q70+'2'!P70+'3'!P70+'4'!P70+'5'!P70+'6'!P70 -> 78 | R70: =T55*30 -> 30
A71: 23 - 24 | B71: 27 | L71: b. Mechanical | O71: min | P71: 184 | Q71: ='1'!Q71+'2'!P71+'3'!P71+'4'!P71+'5'!P71+'6'!P71 -> 184 | R71: =T55*25 -> 25
A72: 24 - 01 | B72: 27 | L72: c. Electrical | O72: min | P72: 19 | Q72: ='1'!Q72+'2'!P72+'3'!P72+'4'!P72+'5'!P72+'6'!P72 -> 19 | R72: =T55*10 -> 10
A73: 01 - 02 | B73: 26 | L73: d. Material / Billet Defect | O73: min | P73: 0 | Q73: ='1'!Q73+'2'!P73+'3'!P73+'4'!P73+'5'!P73+'6'!P73 -> 0
A74: 02 - 03 | B74: 21 | D74: Chain lock di B6. maximum tension alarm | J74: 13 | L74: e. Un-Controllable | O74: min | P74: 0 | Q74: ='1'!Q74+'2'!P74+'3'!P74+'4'!P74+'5'!P74+'6'!P74 -> 0
A75: 03 - 04 | B75: 27 | L75: 5. Production Time Available (1-2) | O75: min | P75: =P60-P61 -> 1440 | Q75: ='1'!Q75+'2'!P75+'3'!P75+'4'!P75+'5'!P75+'6'!P75 -> 1440
A76: 04 - 05 | B76: 15 | D76: Grade change. 1008 - 1010(5) ; handle valve bypass dari stripper ke cooler patah(14) ; Check visual coil(5) | J76: 24 | L76: 6. Registered Delay (3+4) | O76: min | P76: =P65+P69 -> 361 | Q76: ='1'!Q76+'2'!P76+'3'!P76+'4'!P76+'5'!P76+'6'!P76 -> 361
A77: 05 - 06 | B77: 21 | L77: 7. Delay Counter | O77: min | P77: 361 | Q77: ='1'!Q77+'2'!P77+'3'!P77+'4'!P77+'5'!P77+'6'!P77 -> 361
A78: 06 - 07 | B78: 22 | L78: 8. Slow Rolling (7-6) | O78: min | P78: =+P77-P76 -> 0 | Q78: ='1'!Q78+'2'!P78+'3'!P78+'4'!P78+'5'!P78+'6'!P78 -> 0
B79: =SUM(B55:B78) -> 446 | C79: =SUM(C55:C78) -> 6 | J79: =SUM(J55:J78) -> 361 | L79: 9. Effective Production Time (5-6-8) | O79: min | P79: =+P75-P76-P78 -> 1079 | Q79: ='1'!Q79+'2'!P79+'3'!P79+'4'!P79+'5'!P79+'6'!P79 -> 1079
L80: 10. a. Nett Utilization (9/5) | O80: % | P80: =P79/P75 -> 0.74930556 | Q80: =Q79/Q75 -> 0.74930556 | R80: 0.86
A81: NOTES | L81: b. Gross Utilization (9/1) | O81: % | P81: =P79/P60 -> 0.74930556 | Q81: =Q79/Q60 -> 0.12488426
L82: 11. a. Nett Rolling Rate (Billet / (9)) | O82: MT/hour | P82: =(C16/1000)/(P79/60) -> 52.372715 | Q82: =(C26/1000)/(Q79/60) -> 52.372715
L83: b. Gross Rolling Rate (Billet / (5)) | O83: MT/hour | P83: =(C16/1000)/(P75/60) -> 39.243167 | Q83: =(C26/1000)/(Q75/60) -> 39.243167
L84: 12. Gas Consumption | O84: Nmc | P84: 32634 | Q84: ='1'!Q84+'2'!P84+'3'!P84+'4'!P84+'5'!P84+'6'!P84 -> 45155
O85: Nmc/ T | P85: =P84/(K17/1000) -> 35.64263 | Q85: =Q84/(K27/1000) -> 49.31798
L86: 13. Electricity Consumption | O86: MWH | P86: 169.2 | Q86: ='1'!Q86+'2'!P86+'3'!P86+'4'!P86+'5'!P86+'6'!P86 -> 237.45
O87: KWH / T | P87: =(P86*1000)/(K16/1000) -> 186.78136 | Q87: =(Q86*1000)/(K26/1000) -> 262.12313
L88: 14. Water Consumption | O88: M3 | P88: 139 | Q88: ='1'!Q88+'2'!P88+'3'!P88+'4'!P88+'5'!P88+'6'!P88 -> 273
O89: M3 / Ton | P89: =P88/(K16/1000) -> 0.15344331 | Q89: =Q88/(K26/1000) -> 0.30136708
N91: SM | P91: GM

Sheet 7
A1: TMS 4 | B1: WR | P1: Page | Q1: 1/2
A2: DAILY PRODUCTION REPORT
A3: ='6'!A3:Q3+1 -> 46029
A4: BILLET | G4: PRODUCT
A5: Rolled | D5: Cobble | G5: A1 | M5: WIP
A6: ID | B6: Pc | C6: Kg | D6: Pc | E6: Kg | F6: % | G6: Type | H6: Section | I6: Grade | J6: Coil | K6: Kg | L6: Yield | M6: Coil | N6: Kg
A7: 5GX-02 | B7: 2 | C7: 4196 | G7: WR | H7: 6.5 | I7: Bj KR 10 | J7: 2 | K7: 4124 | L7: =K7/C7 -> 0.9828408
A8: 5KX-06 | B8: 48 | C8: 101712 | G8: WR | H8: 5.5 | I8: Bj KR 6 | J8: 48 | K8: 100103 | L8: =K8/C8 -> 0.98418082
A9: 4LX-03 | B9: 144 | C9: 304416 | G9: WR | H9: 5.5 | I9: SWRCH22A | J9: 140 | K9: 291528 | L9: =K9/C9 -> 0.9576632 | M9: 4 | N9: 8271
A10: 5LX-01 | B10: 96 | C10: 203424 | G10: WR | H10: 5.5 | I10: SWRY 11 | J10: 96 | K10: 201333 | L10: =K10/C10 -> 0.98972098
A11: 4KX-07 | B11: 48 | C11: 102096 | G11: WR | H11: 5.5 | I11: SWRCH8A | J11: 48 | K11: 100840 | L11: =K11/C11 -> 0.98769785
A12: 3HX-13 | B12: 24 | C12: 51168 | G12: WR | H12: 5.5 | I12: Bj KT 67A | J12: 24 | K12: 50848 | L12: =K12/C12 -> 0.99374609
A13: 5GX-01 | B13: 123 | C13: 259407 | G13: BIC | H13: P.8 | I13: BjTPG280 | J13: 123 | K13: 256161 | L13: =K13/C13 -> 0.98748684
G14: WR | L14: =K14/C14 -> #DIV/0!
G15: WR | L15: =K15/C15 -> #DIV/0!
B16: =SUM(B7:B15) -> 485 | C16: =SUM(C7:C15) -> 1026419 | D16: =SUM(D7:D15) -> 0 | E16: =SUM(E7:E15) -> 0 | F16: =E16/C16 -> 0 | J16: =SUM(J7:J15) -> 481 | K16: =SUM(K7:K15) -> 1004937 | L16: =K16/C16 -> 0.97907093 | M16: =SUM(M7:M15) -> 4 | N16: =SUM(N7:N15) -> 8271
A17: Total Production A1 + WIP | K17: =K16+N16 -> 1013208 | L17: =K17/C16 -> 0.98712904
A18: MONTH-TO-DATE
A19: BILLET | G19: PRODUCT
A20: Rolled | D20: Cobble | G20: A1 | M20: WIP
B21: Pc | C21: Kg | D21: Pc | E21: Kg | F21: % | G21: Type | J21: Coil | K21: Kg | L21: Yield | M21: Coil | N21: Kg
B22: ='6'!B22+B7+B8+B9+B10+B11+B12 -> 560 | C22: ='6'!C22+C7+C8+C9+C10+C11+C12 -> 1185816 | D22: ='6'!D22+D7+D8+D9+D10+D11+D12 -> 1 | E22: ='6'!E22+E7+E8+E9+E10+E11+E12 -> 2109 | F22: =E22/C22 -> 0.0017785221 | G22: WR | J22: ='6'!J22+J7+J8+J9+J10+J11+J12 -> 554 | K22: ='6'!K22+K7+K8+K9+K10+K11+K12 -> 1157610 | L22: =K22/C22 -> 0.97621385 | M22: ='6'!M22+M7+M8+M9+M10+M11+M12 -> 5 | N22: ='6'!N22+N7+N8+N9+N10+N11+N12 -> 10326
B23: ='6'!B23+B13 -> 371 | C23: ='6'!C23+C13 -> 782439 | D23: ='6'!D23+D13 -> 5 | E23: ='6'!E23+E13 -> 10545 | F23: =E23/C23 -> 0.013477089 | G23: BIC | J23: ='6'!J23+J13 -> 362 | K23: ='6'!K23+K13 -> 753199 | L23: =K23/C23 -> 0.96262967 | M23: ='6'!M23+M13 -> 4 | N23: ='6'!N23+N13 -> 7662
B24: ='6'!B24 -> 0 | C24: ='6'!C24 -> 0 | D24: ='6'!D24 -> 0 | E24: ='6'!E24 -> 0 | F24: =E24/C24 -> #DIV/0! | G24: MIC | J24: ='6'!J24 -> 0 | K24: ='6'!K24 -> 0 | L24: =K24/C24 -> #DIV/0! | M24: ='6'!M24 -> 0 | N24: ='6'!N24 -> 0
B26: =SUM(B21:B25) -> 931 | C26: =SUM(C21:C25) -> 1968255 | D26: =SUM(D21:D25) -> 6 | E26: =SUM(E22:E25) -> 12654 | F26: =E26/C26 -> 0.006429045 | J26: =SUM(J22:J25) -> 916 | K26: =SUM(K22:K25) -> 1910809 | L26: =K26/C26 -> 0.97081374 | M26: =SUM(M22:M25) -> 9 | N26: =SUM(N22:N25) -> 17988
A27: Total Production A1 + WIP | K27: =K26+N26 -> 1928797 | L27: =K27/C26 -> 0.9799528
A29: Type | B29: Section | C29: Grade | D29: Coil | E29: Kg | G29: Type | H29: Section | I29: Grade | J29: Coil | K29: Kg | M29: Type | N29: Section | O29: Grade | P29: Coil | Q29: Kg
A30: ='6'!A30 -> BIC | B30: ='6'!B30 -> P.6 | C30: ='6'!C30 -> BjTPG280 | D30: ='6'!D30 -> 239 | E30: ='6'!E30 -> 497038 | G30: ='6'!G30 -> WR | H30: ='6'!H30 -> 0 | I30: ='6'!I30 -> 0 | J30: ='6'!J30 -> 0 | K30: ='6'!K30 -> 0 | M30: ='6'!M30 -> WR | N30: ='6'!N30 -> 0 | O30: ='6'!O30 -> 0 | P30: ='6'!P30 -> 0 | Q30: ='6'!Q30 -> 0
A31: ='6'!A31 -> WR | B31: ='6'!B31 -> 6.5 | C31: ='6'!C31 -> 8 | D31: ='6'!D31 -> 144 | E31: ='6'!E31 -> 301505 | G31: ='6'!G31 -> WR | H31: ='6'!H31 -> 0 | I31: ='6'!I31 -> 0 | J31: ='6'!J31 -> 0 | K31: ='6'!K31 -> 0 | M31: ='6'!M31 -> WR | N31: ='6'!N31 -> 0 | O31: ='6'!O31 -> 0 | P31: ='6'!P31 -> 0 | Q31: ='6'!Q31 -> 0
A32: ='6'!A32 -> WR | B32: ='6'!B32 -> 6.5 | C32: ='6'!C32 -> 10 | D32: ='6'!D32+J7 -> 48 | E32: ='6'!E32+K7 -> 99149 | G32: ='6'!G32 -> WR | H32: ='6'!H32 -> 0 | I32: ='6'!I32 -> 0 | J32: ='6'!J32 -> 0 | K32: ='6'!K32 -> 0 | M32: ='6'!M32 -> WR | N32: ='6'!N32 -> 0 | O32: ='6'!O32 -> 0 | P32: ='6'!P32 -> 0 | Q32: ='6'!Q32 -> 0
A33: ='6'!A33 -> WR | B33: ='6'!B33 -> 6.5 | C33: ='6'!C33 -> 15 | D33: ='6'!D33 -> 6 | E33: ='6'!E33 -> 12304 | G33: ='6'!G33 -> WR | H33: ='6'!H33 -> 0 | I33: ='6'!I33 -> 0 | J33: ='6'!J33 -> 0 | K33: ='6'!K33 -> 0 | M33: ='6'!M33 -> WR | N33: ='6'!N33 -> 0 | O33: ='6'!O33 -> 0 | P33: ='6'!P33 -> 0 | Q33: ='6'!Q33 -> 0
A34: ='6'!A34 -> WR | B34: 5.5 | C34: 6 | D34: =J8 -> 48 | E34: =K8 -> 100103 | G34: ='6'!G34 -> WR | H34: ='6'!H34 -> 0 | I34: ='6'!I34 -> 0 | J34: ='6'!J34 -> 0 | K34: ='6'!K34 -> 0 | M34: ='6'!M34 -> WR | N34: ='6'!N34 -> 0 | O34: ='6'!O34 -> 0 | P34: ='6'!P34 -> 0 | Q34: ='6'!Q34 -> 0
A35: ='6'!A35 -> WR | B35: 5.5 | C35: 8.A | D35: =J11 -> 48 | E35: =K11 -> 100840 | G35: ='6'!G35 -> WR | H35: ='6'!H35 -> 0 | I35: ='6'!I35 -> 0 | J35: ='6'!J35 -> 0 | K35: ='6'!K35 -> 0 | M35: ='6'!M35 -> WR | N35: ='6'!N35 -> 0 | O35: ='6'!O35 -> 0 | P35: ='6'!P35 -> 0 | Q35: ='6'!Q35 -> 0
A36: ='6'!A36 -> WR | B36: 5.5 | C36: 22.A | D36: =J9 -> 140 | E36: =K9 -> 291528 | G36: ='6'!G36 -> WR | H36: ='6'!H36 -> 0 | I36: ='6'!I36 -> 0 | J36: ='6'!J36 -> 0 | K36: ='6'!K36 -> 0 | M36: ='6'!M36 -> WR | N36: ='6'!N36 -> 0 | O36: ='6'!O36 -> 0 | P36: ='6'!P36 -> 0 | Q36: ='6'!Q36 -> 0
A37: ='6'!A37 -> WR | B37: 5.5 | C37: Y.11 | D37: =J10 -> 96 | E37: =K10 -> 201333 | G37: ='6'!G37 -> WR | H37: ='6'!H37 -> 0 | I37: ='6'!I37 -> 0 | J37: ='6'!J37 -> 0 | K37: ='6'!K37 -> 0 | M37: ='6'!M37 -> WR | N37: ='6'!N37 -> 0 | O37: ='6'!O37 -> 0 | P37: ='6'!P37 -> 0 | Q37: ='6'!Q37 -> 0
A38: ='6'!A38 -> WR | B38: 5.5 | C38: 67.A | D38: =J12 -> 24 | E38: =K12 -> 50848 | G38: ='6'!G38 -> WR | H38: ='6'!H38 -> 0 | I38: ='6'!I38 -> 0 | J38: ='6'!J38 -> 0 | K38: ='6'!K38 -> 0 | M38: ='6'!M38 -> WR | N38: ='6'!N38 -> 0 | O38: ='6'!O38 -> 0 | P38: ='6'!P38 -> 0 | Q38: ='6'!Q38 -> 0
A39: BIC | B39: P.8 | C39: BjTPG280 | D39: =J13 -> 123 | E39: =K13 -> 256161 | G39: ='6'!G39 -> WR | H39: ='6'!H39 -> 0 | I39: ='6'!I39 -> 0 | J39: ='6'!J39 -> 0 | K39: ='6'!K39 -> 0 | M39: ='6'!M39 -> WR | N39: ='6'!N39 -> 0 | O39: ='6'!O39 -> 0 | P39: ='6'!P39 -> 0 | Q39: ='6'!Q39 -> 0
A40: ='6'!A40 -> WR | B40: ='6'!B40 -> 0 | C40: ='6'!C40 -> 0 | D40: ='6'!D40 -> 0 | E40: ='6'!E40 -> 0 | G40: ='6'!G40 -> WR | H40: ='6'!H40 -> 0 | I40: ='6'!I40 -> 0 | J40: ='6'!J40 -> 0 | K40: ='6'!K40 -> 0 | M40: ='6'!M40 -> WR | N40: ='6'!N40 -> 0 | O40: ='6'!O40 -> 0 | P40: ='6'!P40 -> 0 | Q40: ='6'!Q40 -> 0
A41: ='6'!A41 -> WR | B41: ='6'!B41 -> 0 | C41: ='6'!C41 -> 0 | D41: ='6'!D41 -> 0 | E41: ='6'!E41 -> 0 | G41: ='6'!G41 -> WR | H41: ='6'!H41 -> 0 | I41: ='6'!I41 -> 0 | J41: ='6'!J41 -> 0 | K41: ='6'!K41 -> 0 | M41: ='6'!M41 -> WR | N41: ='6'!N41 -> 0 | O41: ='6'!O41 -> 0 | P41: ='6'!P41 -> 0 | Q41: ='6'!Q41 -> 0
A42: ='6'!A42 -> WR | B42: ='6'!B42 -> 0 | C42: ='6'!C42 -> 0 | D42: ='6'!D42 -> 0 | E42: ='6'!E42 -> 0 | G42: ='6'!G42 -> WR | H42: ='6'!H42 -> 0 | I42: ='6'!I42 -> 0 | J42: ='6'!J42 -> 0 | K42: ='6'!K42 -> 0 | M42: ='6'!M42 -> WR | N42: ='6'!N42 -> 0 | O42: ='6'!O42 -> 0 | P42: ='6'!P42 -> 0 | Q42: ='6'!Q42 -> 0
A43: ='6'!A43 -> WR | B43: ='6'!B43 -> 0 | C43: ='6'!C43 -> 0 | D43: ='6'!D43 -> 0 | E43: ='6'!E43 -> 0 | G43: ='6'!G43 -> WR | H43: ='6'!H43 -> 0 | I43: ='6'!I43 -> 0 | J43: ='6'!J43 -> 0 | K43: ='6'!K43 -> 0 | M43: ='6'!M43 -> WR | N43: ='6'!N43 -> 0 | O43: ='6'!O43 -> 0 | P43: ='6'!P43 -> 0 | Q43: ='6'!Q43 -> 0
A44: ='6'!A44 -> WR | B44: ='6'!B44 -> 0 | C44: ='6'!C44 -> 0 | D44: ='6'!D44 -> 0 | E44: ='6'!E44 -> 0 | G44: ='6'!G44 -> WR | H44: ='6'!H44 -> 0 | I44: ='6'!I44 -> 0 | J44: ='6'!J44 -> 0 | K44: ='6'!K44 -> 0 | M44: ='6'!M44 -> WR | N44: ='6'!N44 -> 0 | O44: ='6'!O44 -> 0 | P44: ='6'!P44 -> 0 | Q44: ='6'!Q44 -> 0
A45: ='6'!A45 -> WR | B45: ='6'!B45 -> 0 | C45: ='6'!C45 -> 0 | D45: ='6'!D45 -> 0 | E45: ='6'!E45 -> 0 | G45: ='6'!G45 -> WR | H45: ='6'!H45 -> 0 | I45: ='6'!I45 -> 0 | J45: ='6'!J45 -> 0 | K45: ='6'!K45 -> 0 | M45: ='6'!M45 -> WR | N45: ='6'!N45 -> 0 | O45: ='6'!O45 -> 0 | P45: ='6'!P45 -> 0 | Q45: ='6'!Q45 -> 0
A46: ='6'!A46 -> WR | B46: ='6'!B46 -> 0 | C46: ='6'!C46 -> 0 | D46: ='6'!D46 -> 0 | E46: ='6'!E46 -> 0 | G46: ='6'!G46 -> WR | H46: ='6'!H46 -> 0 | I46: ='6'!I46 -> 0 | J46: ='6'!J46 -> 0 | K46: ='6'!K46 -> 0 | M46: ='6'!M46 -> WR | N46: ='6'!N46 -> 0 | O46: ='6'!O46 -> 0 | P46: ='6'!P46 -> 0 | Q46: ='6'!Q46 -> 0
A47: ='6'!A47 -> WR | B47: ='6'!B47 -> 0 | C47: ='6'!C47 -> 0 | D47: ='6'!D47 -> 0 | E47: ='6'!E47 -> 0 | G47: ='6'!G47 -> WR | H47: ='6'!H47 -> 0 | I47: ='6'!I47 -> 0 | J47: ='6'!J47 -> 0 | K47: ='6'!K47 -> 0 | M47: ='6'!M47 -> WR | N47: ='6'!N47 -> 0 | O47: ='6'!O47 -> 0 | P47: ='6'!P47 -> 0 | Q47: ='6'!Q47 -> 0
A48: ='6'!A48 -> WR | B48: ='6'!B48 -> 0 | C48: ='6'!C48 -> 0 | D48: ='6'!D48 -> 0 | E48: ='6'!E48 -> 0 | G48: ='6'!G48 -> WR | H48: ='6'!H48 -> 0 | I48: ='6'!I48 -> 0 | J48: ='6'!J48 -> 0 | K48: ='6'!K48 -> 0 | M48: ='6'!M48 -> WR | N48: ='6'!N48 -> 0 | O48: ='6'!O48 -> 0 | P48: ='6'!P48 -> 0 | Q48: ='6'!Q48 -> 0
A49: ='6'!A49 -> WR | B49: ='6'!B49 -> 0 | C49: ='6'!C49 -> 0 | D49: ='6'!D49 -> 0 | E49: ='6'!E49 -> 0 | G49: ='6'!G49 -> WR | H49: ='6'!H49 -> 0 | I49: ='6'!I49 -> 0 | J49: ='6'!J49 -> 0 | K49: ='6'!K49 -> 0 | M49: ='6'!M49 -> WR | N49: ='6'!N49 -> 0 | O49: ='6'!O49 -> 0 | P49: ='6'!P49 -> 0 | Q49: ='6'!Q49 -> 0
A50: =A1 -> TMS 4 | B50: =B1 -> WR | P50: Page | Q50: 2/2
A51: PRODUCTIVITY & OPERATION REPORT
A52: =A3 -> 46029 | L52: 6.5 - BjKR10 ; 5.5 - BjKR6, SWRCH22A, 8A, SWRY11, SWRH67A ; P.8 - BjTPG280
A53: Time | B53: Billet Rolled | C53: Cobble | D53: Details of Breakdown | J53: min | L53: Parameter | O53: Unit | P53: D | Q53: M-to-D | R53: TARGET | S53: JML | T53: HARI | U53: HARI
A54: Range | B54: (pcs) | R54: M-to-D | S54: HARI | T54: PRODUKSI | U54: STOP. PRD
A55: 07 - 08 | B55: 2 | D55: Ganti section. 6.5 - 5.5 | J55: 53 | L55: Billet Rolled | O55: Kg | P55: =C16 -> 1026419 | Q55: =C26 -> 1968255 | S55: =DAY(A52) -> 7 | T55: =S55-U55 -> 2 | U55: ='6'!U55 -> 5
A56: 08 - 09 | B56: 13 | D56: Ganti section. 6.5 - 5.5(7) ; Check section(5) ; Kepala material bengkok. Blade SH1 tidak sesuai posisi(11) | J56: 23 | L56: A1+WIP | O56: Kg | P56: =K17 -> 1013208 | Q56: =K27 -> 1928797
A57: 09 - 10 | B57: 19 | D57: Grade change. 1006 - 22.A(1) ; check visual coil(10) | J57: 11 | L57: Yield | O57: % | P57: =L17 -> 0.98712904 | Q57: =L27 -> 0.9799528 | R57: 0.985
A58: 10 - 11 | B58: 23 | L58: Coble | O58: Kg | P58: =E16 -> 0 | Q58: =E26 -> 12654
A59: 11 - 12 | B59: 18 | D59: Check FFB. Coil line. Roller entry box #18 macet. Oil mist tidak keluar | J59: 14 | O59: % | P59: =F16 -> 0 | Q59: =F26 -> 0.006429045 | R59: 0.0015
A60: 12 - 13 | B60: 24 | L60: 1. Working Time Available | O60: min | P60: 1440 | Q60: ='1'!Q60+'2'!P60+'3'!P60+'4'!P60+'5'!P60+'6'!P60+'7'!P60 -> 10080
A61: 13 - 14 | B61: 24 | L61: 2. Planned Stoppage (a+b+c) | O61: min | P61: =SUM(P62:P64) -> 0 | Q61: ='1'!Q61+'2'!P61+'3'!P61+'4'!P61+'5'!P61+'6'!P61+'7'!P61 -> 7200
A62: 14 - 15 | B62: 24 | L62: a. Shut Down | O62: min | P62: 0 | Q62: ='1'!Q62+'2'!P62+'3'!P62+'4'!P62+'5'!P62+'6'!P62+'7'!P62 -> 7200
A63: 15 - 16 | B63: 23 | D63: Grade change. 22.A - Y.11 | J63: 1 | L63: b. Peak Hour | O63: min | P63: 0 | Q63: ='1'!Q63+'2'!P63+'3'!P63+'4'!P63+'5'!P63+'6'!P63+'7'!P63 -> 0
A64: 16 - 17 | B64: 25 | L64: c. Others | O64: min | P64: 0 | Q64: ='1'!Q64+'2'!P64+'3'!P64+'4'!P64+'5'!P64+'6'!P64+'7'!P64 -> 0 | S64: 4.1 Detail Cobble | V64: D | W64: M-to-D
A65: 17 - 18 | B65: 23 | L65: 3. Delay Maintenance (a+b+c) | O65: min | P65: =SUM(P66:P68) -> 191 | Q65: ='1'!Q65+'2'!P65+'3'!P65+'4'!P65+'5'!P65+'6'!P65+'7'!P65 -> 271 | S65: a. Operation | U65: Pcs | W65: =+'6'!W65+'7'!V65 -> 2
A66: 18 - 19 | B66: 25 | L66: a. Daily Maintenance | O66: min | P66: 0 | Q66: ='1'!Q66+'2'!P66+'3'!P66+'4'!P66+'5'!P66+'6'!P66+'7'!P66 -> 0 | S66: b. Mechanical | U66: Pcs | W66: =+'6'!W66+'7'!V66 -> 4
A67: 19 - 20 | B67: 23 | D67: Maint. Ganti pass #25, #26 | J67: 3 | L67: b. Section / Pass / Grade Change | O67: min | P67: 154 | Q67: ='1'!Q67+'2'!P67+'3'!P67+'4'!P67+'5'!P67+'6'!P67+'7'!P67 -> 219 | S67: c. Electrical | U67: Pcs | W67: =+'6'!W67+'7'!V67 -> 0
A68: 20 - 21 | B68: 10 | D68: Ganti entry box #12 - #26(27) ; check section(5) | J68: 32 | L68: c. Section Setting | O68: min | P68: 37 | Q68: ='1'!Q68+'2'!P68+'3'!P68+'4'!P68+'5'!P68+'6'!P68+'7'!P68 -> 52 | S68: d. Material / Billet Defect | U68: Pcs | W68: =+'6'!W68+'7'!V68 -> 0
A69: 21 - 22 | B69: 20 | D69: Grade change. 1006 - 8.A(1) ; check visual coil(8) | J69: 9 | L69: 4. Break Down | O69: min | P69: =SUM(P70:P74) -> 42 | Q69: ='1'!Q69+'2'!P69+'3'!P69+'4'!P69+'5'!P69+'6'!P69+'7'!P69 -> 323 | S69: e. Un-Controllable | U69: Pcs | W69: =+'6'!W69+'7'!V69 -> 0
A70: 22 - 23 | B70: 23 | L70: a. Operation | O70: min | P70: 12 | Q70: ='1'!Q70+'2'!P70+'3'!P70+'4'!P70+'5'!P70+'6'!P70+'7'!P70 -> 90 | R70: =T55*30 -> 60
A71: 23 - 24 | B71: 21 | D71: Grade change. 8.A - 67.A | J71: 1 | L71: b. Mechanical | O71: min | P71: 30 | Q71: ='1'!Q71+'2'!P71+'3'!P71+'4'!P71+'5'!P71+'6'!P71+'7'!P71 -> 214 | R71: =T55*25 -> 50
A72: 24 - 01 | B72: 22 | D72: Check visual coil | J72: 4 | L72: c. Electrical | O72: min | P72: 0 | Q72: ='1'!Q72+'2'!P72+'3'!P72+'4'!P72+'5'!P72+'6'!P72+'7'!P72 -> 19 | R72: =T55*10 -> 20
A73: 01 - 02 | B73: 0 | D73: Ganti section. 5.5 - P.8 | J73: 60 | L73: d. Material / Billet Defect | O73: min | P73: 0 | Q73: ='1'!Q73+'2'!P73+'3'!P73+'4'!P73+'5'!P73+'6'!P73+'7'!P73 -> 0
A74: 02 - 03 | B74: 18 | D74: Rolling terlambat. Saat maintenance as sepatu crane patah(12) ; check section(5) | J74: 17 | L74: e. Un-Controllable | O74: min | P74: 0 | Q74: ='1'!Q74+'2'!P74+'3'!P74+'4'!P74+'5'!P74+'6'!P74+'7'!P74 -> 0
A75: 03 - 04 | B75: 27 | L75: 5. Production Time Available (1-2) | O75: min | P75: =P60-P61 -> 1440 | Q75: ='1'!Q75+'2'!P75+'3'!P75+'4'!P75+'5'!P75+'6'!P75+'7'!P75 -> 2880
A76: 04 - 05 | B76: 27 | L76: 6. Registered Delay (3+4) | O76: min | P76: =P65+P69 -> 233 | Q76: ='1'!Q76+'2'!P76+'3'!P76+'4'!P76+'5'!P76+'6'!P76+'7'!P76 -> 594
A77: 05 - 06 | B77: 27 | L77: 7. Delay Counter | O77: min | P77: 233 | Q77: ='1'!Q77+'2'!P77+'3'!P77+'4'!P77+'5'!P77+'6'!P77+'7'!P77 -> 594
A78: 06 - 07 | B78: 24 | D78: Chain hook conveyor mati. Maximum tension alarm | J78: 5 | L78: 8. Slow Rolling (7-6) | O78: min | P78: =+P77-P76 -> 0 | Q78: ='1'!Q78+'2'!P78+'3'!P78+'4'!P78+'5'!P78+'6'!P78+'7'!P78 -> 0
B79: =SUM(B55:B78) -> 485 | C79: =SUM(C55:C78) -> 0 | J79: =SUM(J55:J78) -> 233 | L79: 9. Effective Production Time (5-6-8) | O79: min | P79: =+P75-P76-P78 -> 1207 | Q79: ='1'!Q79+'2'!P79+'3'!P79+'4'!P79+'5'!P79+'6'!P79+'7'!P79 -> 2286
L80: 10. a. Nett Utilization (9/5) | O80: % | P80: =P79/P75 -> 0.83819444 | Q80: =Q79/Q75 -> 0.79375 | R80: 0.86
A81: NOTES | L81: b. Gross Utilization (9/1) | O81: % | P81: =P79/P60 -> 0.83819444 | Q81: =Q79/Q60 -> 0.22678571
L82: 11. a. Nett Rolling Rate (Billet / (9)) | O82: MT/hour | P82: =(C16/1000)/(P79/60) -> 51.023314 | Q82: =(C26/1000)/(Q79/60) -> 51.660236
L83: b. Gross Rolling Rate (Billet / (5)) | O83: MT/hour | P83: =(C16/1000)/(P75/60) -> 42.767458 | Q83: =(C26/1000)/(Q75/60) -> 41.005313
L84: 12. Gas Consumption | O84: Nmc | P84: 32815 | Q84: ='1'!Q84+'2'!P84+'3'!P84+'4'!P84+'5'!P84+'6'!P84+'7'!P84 -> 77970
O85: Nmc/ T | P85: =P84/(K17/1000) -> 32.387229 | Q85: =Q84/(K27/1000) -> 40.424161
L86: 13. Electricity Consumption | O86: MWH | P86: 194.76 | Q86: ='1'!Q86+'2'!P86+'3'!P86+'4'!P86+'5'!P86+'6'!P86+'7'!P86 -> 432.21
O87: KWH / T | P87: =(P86*1000)/(K16/1000) -> 193.80319 | Q87: =(Q86*1000)/(K26/1000) -> 226.19215
L88: 14. Water Consumption | O88: M3 | P88: 125 | Q88: ='1'!Q88+'2'!P88+'3'!P88+'4'!P88+'5'!P88+'6'!P88+'7'!P88 -> 398
O89: M3 / Ton | P89: =P88/(K16/1000) -> 0.12438591 | Q89: =Q88/(K26/1000) -> 0.20828874
N91: SM | P91: GM

Sheet 8
A1: TMS 4 | B1: WR | P1: Page | Q1: 1/2
A2: DAILY PRODUCTION REPORT
A3: ='7'!A3:Q3+1 -> 46030
A4: BILLET | G4: PRODUCT
A5: Rolled | D5: Cobble | G5: A1 | M5: WIP
A6: ID | B6: Pc | C6: Kg | D6: Pc | E6: Kg | F6: % | G6: Type | H6: Section | I6: Grade | J6: Coil | K6: Kg | L6: Yield | M6: Coil | N6: Kg
A7: 5GX-01 | B7: 69 | C7: 145521 | G7: BIC | H7: P.8 | I7: BjTPG280 | J7: 69 | K7: 144051 | L7: =K7/C7 -> 0.98989837
A8: 5LL-001 | B8: 192 | C8: 400704 | G8: BIC | H8: S.8 | I8: BjTSG420 | J8: 192 | K8: =392984+2054 -> 395038 | L8: =K8/C8 -> 0.98585989
A9: 5LL-001 | B9: 144 | C9: 300528 | G9: BIC | H9: S.10 | I9: BjTSG420 | J9: 144 | K9: 295842 | L9: =K9/C9 -> 0.98440744
A10: 5KX-06 | B10: 101 | C10: 214019 | G10: WR | H10: 5.5 | I10: Bj KR 6 | J10: 101 | K10: 211729 | L10: =K10/C10 -> 0.98930002
G11: WR | L11: =K11/C11 -> #DIV/0!
G12: WR | L12: =K12/C12 -> #DIV/0!
G13: WR | L13: =K13/C13 -> #DIV/0!
G14: WR | L14: =K14/C14 -> #DIV/0!
G15: WR | L15: =K15/C15 -> #DIV/0!
B16: =SUM(B7:B15) -> 506 | C16: =SUM(C7:C15) -> 1060772 | D16: =SUM(D7:D15) -> 0 | E16: =SUM(E7:E15) -> 0 | F16: =E16/C16 -> 0 | J16: =SUM(J7:J15) -> 506 | K16: =SUM(K7:K15) -> 1046660 | L16: =K16/C16 -> 0.98669648 | M16: =SUM(M7:M15) -> 0 | N16: =SUM(N7:N15) -> 0
A17: Total Production A1 + WIP | K17: =K16+N16 -> 1046660 | L17: =K17/C16 -> 0.98669648
A18: MONTH-TO-DATE
A19: BILLET | G19: PRODUCT
A20: Rolled | D20: Cobble | G20: A1 | M20: WIP
B21: Pc | C21: Kg | D21: Pc | E21: Kg | F21: % | G21: Type | J21: Coil | K21: Kg | L21: Yield | M21: Coil | N21: Kg
B22: ='7'!B22+B10 -> 661 | C22: ='7'!C22+C10 -> 1399835 | D22: ='7'!D22+D10 -> 1 | E22: ='7'!E22+E10 -> 2109 | F22: =E22/C22 -> 0.0015066061 | G22: WR | J22: ='7'!J22+J10 -> 655 | K22: ='7'!K22+K10 -> 1369339 | L22: =K22/C22 -> 0.97821458 | M22: ='7'!M22+M10 -> 5 | N22: ='7'!N22+N10 -> 10326
B23: ='7'!B23+B7+B8+B9 -> 776 | C23: ='7'!C23+C7+C8+C9 -> 1629192 | D23: ='7'!D23+D7+D8+D9 -> 5 | E23: ='7'!E23+E7+E8+E9 -> 10545 | F23: =E23/C23 -> 0.0064725336 | G23: BIC | J23: ='7'!J23+J7+J8+J9 -> 767 | K23: ='7'!K23+K7+K8+K9 -> 1588130 | L23: =K23/C23 -> 0.9747961 | M23: ='7'!M23+M7+M8+M9 -> 4 | N23: ='7'!N23+N7+N8+N9 -> 7662
B24: ='7'!B24 -> 0 | C24: ='7'!C24 -> 0 | D24: ='7'!D24 -> 0 | E24: ='7'!E24 -> 0 | F24: =E24/C24 -> #DIV/0! | G24: MIC | J24: ='7'!J24 -> 0 | K24: ='7'!K24 -> 0 | L24: =K24/C24 -> #DIV/0! | M24: ='7'!M24 -> 0 | N24: ='7'!N24 -> 0
B26: =SUM(B21:B25) -> 1437 | C26: =SUM(C21:C25) -> 3029027 | D26: =SUM(D21:D25) -> 6 | E26: =SUM(E22:E25) -> 12654 | F26: =E26/C26 -> 0.0041775791 | J26: =SUM(J22:J25) -> 1422 | K26: =SUM(K22:K25) -> 2957469 | L26: =K26/C26 -> 0.97637591 | M26: =SUM(M22:M25) -> 9 | N26: =SUM(N22:N25) -> 17988
A27: Total Production A1 + WIP | K27: =K26+N26 -> 2975457 | L27: =K27/C26 -> 0.98231445
A29: Type | B29: Section | C29: Grade | D29: Coil | E29: Kg | G29: Type | H29: Section | I29: Grade | J29: Coil | K29: Kg | M29: Type | N29: Section | O29: Grade | P29: Coil | Q29: Kg
A30: ='7'!A30 -> BIC | B30: ='7'!B30 -> P.6 | C30: ='7'!C30 -> BjTPG280 | D30: ='7'!D30 -> 239 | E30: ='7'!E30 -> 497038 | G30: ='7'!G30 -> WR | H30: ='7'!H30 -> 0 | I30: ='7'!I30 -> 0 | J30: ='7'!J30 -> 0 | K30: ='7'!K30 -> 0 | M30: ='7'!M30 -> WR | N30: ='7'!N30 -> 0 | O30: ='7'!O30 -> 0 | P30: ='7'!P30 -> 0 | Q30: ='7'!Q30 -> 0
A31: ='7'!A31 -> WR | B31: ='7'!B31 -> 6.5 | C31: ='7'!C31 -> 8 | D31: ='7'!D31 -> 144 | E31: ='7'!E31 -> 301505 | G31: ='7'!G31 -> WR | H31: ='7'!H31 -> 0 | I31: ='7'!I31 -> 0 | J31: ='7'!J31 -> 0 | K31: ='7'!K31 -> 0 | M31: ='7'!M31 -> WR | N31: ='7'!N31 -> 0 | O31: ='7'!O31 -> 0 | P31: ='7'!P31 -> 0 | Q31: ='7'!Q31 -> 0
A32: ='7'!A32 -> WR | B32: ='7'!B32 -> 6.5 | C32: ='7'!C32 -> 10 | D32: ='7'!D32 -> 48 | E32: ='7'!E32 -> 99149 | G32: ='7'!G32 -> WR | H32: ='7'!H32 -> 0 | I32: ='7'!I32 -> 0 | J32: ='7'!J32 -> 0 | K32: ='7'!K32 -> 0 | M32: ='7'!M32 -> WR | N32: ='7'!N32 -> 0 | O32: ='7'!O32 -> 0 | P32: ='7'!P32 -> 0 | Q32: ='7'!Q32 -> 0
A33: ='7'!A33 -> WR | B33: ='7'!B33 -> 6.5 | C33: ='7'!C33 -> 15 | D33: ='7'!D33 -> 6 | E33: ='7'!E33 -> 12304 | G33: ='7'!G33 -> WR | H33: ='7'!H33 -> 0 | I33: ='7'!I33 -> 0 | J33: ='7'!J33 -> 0 | K33: ='7'!K33 -> 0 | M33: ='7'!M33 -> WR | N33: ='7'!N33 -> 0 | O33: ='7'!O33 -> 0 | P33: ='7'!P33 -> 0 | Q33: ='7'!Q33 -> 0
A34: ='7'!A34 -> WR | B34: ='7'!B34 -> 5.5 | C34: ='7'!C34 -> 6 | D34: ='7'!D34+J10 -> 149 | E34: ='7'!E34+K10 -> 311832 | G34: ='7'!G34 -> WR | H34: ='7'!H34 -> 0 | I34: ='7'!I34 -> 0 | J34: ='7'!J34 -> 0 | K34: ='7'!K34 -> 0 | M34: ='7'!M34 -> WR | N34: ='7'!N34 -> 0 | O34: ='7'!O34 -> 0 | P34: ='7'!P34 -> 0 | Q34: ='7'!Q34 -> 0
A35: ='7'!A35 -> WR | B35: ='7'!B35 -> 5.5 | C35: ='7'!C35 -> 8.A | D35: ='7'!D35 -> 48 | E35: ='7'!E35 -> 100840 | G35: ='7'!G35 -> WR | H35: ='7'!H35 -> 0 | I35: ='7'!I35 -> 0 | J35: ='7'!J35 -> 0 | K35: ='7'!K35 -> 0 | M35: ='7'!M35 -> WR | N35: ='7'!N35 -> 0 | O35: ='7'!O35 -> 0 | P35: ='7'!P35 -> 0 | Q35: ='7'!Q35 -> 0
A36: ='7'!A36 -> WR | B36: ='7'!B36 -> 5.5 | C36: ='7'!C36 -> 22.A | D36: ='7'!D36 -> 140 | E36: ='7'!E36 -> 291528 | G36: ='7'!G36 -> WR | H36: ='7'!H36 -> 0 | I36: ='7'!I36 -> 0 | J36: ='7'!J36 -> 0 | K36: ='7'!K36 -> 0 | M36: ='7'!M36 -> WR | N36: ='7'!N36 -> 0 | O36: ='7'!O36 -> 0 | P36: ='7'!P36 -> 0 | Q36: ='7'!Q36 -> 0
A37: ='7'!A37 -> WR | B37: ='7'!B37 -> 5.5 | C37: ='7'!C37 -> Y.11 | D37: ='7'!D37 -> 96 | E37: ='7'!E37 -> 201333 | G37: ='7'!G37 -> WR | H37: ='7'!H37 -> 0 | I37: ='7'!I37 -> 0 | J37: ='7'!J37 -> 0 | K37: ='7'!K37 -> 0 | M37: ='7'!M37 -> WR | N37: ='7'!N37 -> 0 | O37: ='7'!O37 -> 0 | P37: ='7'!P37 -> 0 | Q37: ='7'!Q37 -> 0
A38: ='7'!A38 -> WR | B38: ='7'!B38 -> 5.5 | C38: ='7'!C38 -> 67.A | D38: ='7'!D38 -> 24 | E38: ='7'!E38 -> 50848 | G38: ='7'!G38 -> WR | H38: ='7'!H38 -> 0 | I38: ='7'!I38 -> 0 | J38: ='7'!J38 -> 0 | K38: ='7'!K38 -> 0 | M38: ='7'!M38 -> WR | N38: ='7'!N38 -> 0 | O38: ='7'!O38 -> 0 | P38: ='7'!P38 -> 0 | Q38: ='7'!Q38 -> 0
A39: ='7'!A39 -> BIC | B39: ='7'!B39 -> P.8 | C39: ='7'!C39 -> BjTPG280 | D39: ='7'!D39+J7 -> 192 | E39: ='7'!E39+K7 -> 400212 | G39: ='7'!G39 -> WR | H39: ='7'!H39 -> 0 | I39: ='7'!I39 -> 0 | J39: ='7'!J39 -> 0 | K39: ='7'!K39 -> 0 | M39: ='7'!M39 -> WR | N39: ='7'!N39 -> 0 | O39: ='7'!O39 -> 0 | P39: ='7'!P39 -> 0 | Q39: ='7'!Q39 -> 0
A40: BIC | B40: S.8 | C40: BjTSG420 | D40: =J8 -> 192 | E40: =K8 -> 395038 | G40: ='7'!G40 -> WR | H40: ='7'!H40 -> 0 | I40: ='7'!I40 -> 0 | J40: ='7'!J40 -> 0 | K40: ='7'!K40 -> 0 | M40: ='7'!M40 -> WR | N40: ='7'!N40 -> 0 | O40: ='7'!O40 -> 0 | P40: ='7'!P40 -> 0 | Q40: ='7'!Q40 -> 0
A41: BIC | B41: S.10 | C41: BjTSG420 | D41: =J9 -> 144 | E41: =K9 -> 295842 | G41: ='7'!G41 -> WR | H41: ='7'!H41 -> 0 | I41: ='7'!I41 -> 0 | J41: ='7'!J41 -> 0 | K41: ='7'!K41 -> 0 | M41: ='7'!M41 -> WR | N41: ='7'!N41 -> 0 | O41: ='7'!O41 -> 0 | P41: ='7'!P41 -> 0 | Q41: ='7'!Q41 -> 0
A42: ='7'!A42 -> WR | B42: ='7'!B42 -> 0 | C42: ='7'!C42 -> 0 | D42: ='7'!D42 -> 0 | E42: ='7'!E42 -> 0 | G42: ='7'!G42 -> WR | H42: ='7'!H42 -> 0 | I42: ='7'!I42 -> 0 | J42: ='7'!J42 -> 0 | K42: ='7'!K42 -> 0 | M42: ='7'!M42 -> WR | N42: ='7'!N42 -> 0 | O42: ='7'!O42 -> 0 | P42: ='7'!P42 -> 0 | Q42: ='7'!Q42 -> 0
A43: ='7'!A43 -> WR | B43: ='7'!B43 -> 0 | C43: ='7'!C43 -> 0 | D43: ='7'!D43 -> 0 | E43: ='7'!E43 -> 0 | G43: ='7'!G43 -> WR | H43: ='7'!H43 -> 0 | I43: ='7'!I43 -> 0 | J43: ='7'!J43 -> 0 | K43: ='7'!K43 -> 0 | M43: ='7'!M43 -> WR | N43: ='7'!N43 -> 0 | O43: ='7'!O43 -> 0 | P43: ='7'!P43 -> 0 | Q43: ='7'!Q43 -> 0
A44: ='7'!A44 -> WR | B44: ='7'!B44 -> 0 | C44: ='7'!C44 -> 0 | D44: ='7'!D44 -> 0 | E44: ='7'!E44 -> 0 | G44: ='7'!G44 -> WR | H44: ='7'!H44 -> 0 | I44: ='7'!I44 -> 0 | J44: ='7'!J44 -> 0 | K44: ='7'!K44 -> 0 | M44: ='7'!M44 -> WR | N44: ='7'!N44 -> 0 | O44: ='7'!O44 -> 0 | P44: ='7'!P44 -> 0 | Q44: ='7'!Q44 -> 0
A45: ='7'!A45 -> WR | B45: ='7'!B45 -> 0 | C45: ='7'!C45 -> 0 | D45: ='7'!D45 -> 0 | E45: ='7'!E45 -> 0 | G45: ='7'!G45 -> WR | H45: ='7'!H45 -> 0 | I45: ='7'!I45 -> 0 | J45: ='7'!J45 -> 0 | K45: ='7'!K45 -> 0 | M45: ='7'!M45 -> WR | N45: ='7'!N45 -> 0 | O45: ='7'!O45 -> 0 | P45: ='7'!P45 -> 0 | Q45: ='7'!Q45 -> 0
A46: ='7'!A46 -> WR | B46: ='7'!B46 -> 0 | C46: ='7'!C46 -> 0 | D46: ='7'!D46 -> 0 | E46: ='7'!E46 -> 0 | G46: ='7'!G46 -> WR | H46: ='7'!H46 -> 0 | I46: ='7'!I46 -> 0 | J46: ='7'!J46 -> 0 | K46: ='7'!K46 -> 0 | M46: ='7'!M46 -> WR | N46: ='7'!N46 -> 0 | O46: ='7'!O46 -> 0 | P46: ='7'!P46 -> 0 | Q46: ='7'!Q46 -> 0
A47: ='7'!A47 -> WR | B47: ='7'!B47 -> 0 | C47: ='7'!C47 -> 0 | D47: ='7'!D47 -> 0 | E47: ='7'!E47 -> 0 | G47: ='7'!G47 -> WR | H47: ='7'!H47 -> 0 | I47: ='7'!I47 -> 0 | J47: ='7'!J47 -> 0 | K47: ='7'!K47 -> 0 | M47: ='7'!M47 -> WR | N47: ='7'!N47 -> 0 | O47: ='7'!O47 -> 0 | P47: ='7'!P47 -> 0 | Q47: ='7'!Q47 -> 0
A48: ='7'!A48 -> WR | B48: ='7'!B48 -> 0 | C48: ='7'!C48 -> 0 | D48: ='7'!D48 -> 0 | E48: ='7'!E48 -> 0 | G48: ='7'!G48 -> WR | H48: ='7'!H48 -> 0 | I48: ='7'!I48 -> 0 | J48: ='7'!J48 -> 0 | K48: ='7'!K48 -> 0 | M48: ='7'!M48 -> WR | N48: ='7'!N48 -> 0 | O48: ='7'!O48 -> 0 | P48: ='7'!P48 -> 0 | Q48: ='7'!Q48 -> 0
A49: ='7'!A49 -> WR | B49: ='7'!B49 -> 0 | C49: ='7'!C49 -> 0 | D49: ='7'!D49 -> 0 | E49: ='7'!E49 -> 0 | G49: ='7'!G49 -> WR | H49: ='7'!H49 -> 0 | I49: ='7'!I49 -> 0 | J49: ='7'!J49 -> 0 | K49: ='7'!K49 -> 0 | M49: ='7'!M49 -> WR | N49: ='7'!N49 -> 0 | O49: ='7'!O49 -> 0 | P49: ='7'!P49 -> 0 | Q49: ='7'!Q49 -> 0
A50: =A1 -> TMS 4 | B50: =B1 -> WR | P50: Page | Q50: 2/2
A51: PRODUCTIVITY & OPERATION REPORT
A52: =A3 -> 46030 | L52: P.8 - BjTPG280 ; S.8 - BjTSG420 ; S.10 -BjTSG420 ; 5.5 - BjKR6
A53: Time | B53: Billet Rolled | C53: Cobble | D53: Details of Breakdown | J53: min | L53: Parameter | O53: Unit | P53: D | Q53: M-to-D | R53: TARGET | S53: JML | T53: HARI | U53: HARI
A54: Range | B54: (pcs) | R54: M-to-D | S54: HARI | T54: PRODUKSI | U54: STOP. PRD
A55: 07 - 08 | B55: 27 | L55: Billet Rolled | O55: Kg | P55: =C16 -> 1060772 | Q55: =C26 -> 3029027 | S55: =DAY(A52) -> 8 | T55: =S55-U55 -> 3 | U55: ='7'!U55 -> 5
A56: 08 - 09 | B56: 27 | L56: A1+WIP | O56: Kg | P56: =K17 -> 1046660 | Q56: =K27 -> 2975457
A57: 09 - 10 | B57: 15 | D57: Ganti section. P.8 - S.8 | J57: 29 | L57: Yield | O57: % | P57: =L17 -> 0.98669648 | Q57: =L27 -> 0.98231445 | R57: 0.985
A58: 10 - 11 | B58: 2 | D58: Ganti section. P.8 - S.8. Check turning forming head by Danieli(51) ; Check section(6) | J58: 57 | L58: Coble | O58: Kg | P58: =E16 -> 0 | Q58: =E26 -> 12654
A59: 11 - 12 | B59: 18 | D59: Check visual. Sirip coil kurang bagus | J59: 5 | O59: % | P59: =F16 -> 0 | Q59: =F26 -> 0.0041775791 | R59: 0.0015
A60: 12 - 13 | B60: 25 | L60: 1. Working Time Available | O60: min | P60: 1440 | Q60: ='1'!Q60+'2'!P60+'3'!P60+'4'!P60+'5'!P60+'6'!P60+'7'!P60+'8'!P60 -> 11520
A61: 13 - 14 | B61: 24 | D61: Check visual. Sirip coil kurang bagus | J61: 3 | L61: 2. Planned Stoppage (a+b+c) | O61: min | P61: =SUM(P62:P64) -> 0 | Q61: ='1'!Q61+'2'!P61+'3'!P61+'4'!P61+'5'!P61+'6'!P61+'7'!P61+'8'!P61 -> 7200
A62: 14 - 15 | B62: 26 | L62: a. Shut Down | O62: min | P62: 0 | Q62: ='1'!Q62+'2'!P62+'3'!P62+'4'!P62+'5'!P62+'6'!P62+'7'!P62+'8'!P62 -> 7200
A63: 15 - 16 | B63: 26 | L63: b. Peak Hour | O63: min | P63: 0 | Q63: ='1'!Q63+'2'!P63+'3'!P63+'4'!P63+'5'!P63+'6'!P63+'7'!P63+'8'!P63 -> 0
A64: 16 - 17 | B64: 26 | L64: c. Others | O64: min | P64: 0 | Q64: ='1'!Q64+'2'!P64+'3'!P64+'4'!P64+'5'!P64+'6'!P64+'7'!P64+'8'!P64 -> 0 | S64: 4.1 Detail Cobble | V64: D | W64: M-to-D
A65: 17 - 18 | B65: 27 | L65: 3. Delay Maintenance (a+b+c) | O65: min | P65: =SUM(P66:P68) -> 214 | Q65: ='1'!Q65+'2'!P65+'3'!P65+'4'!P65+'5'!P65+'6'!P65+'7'!P65+'8'!P65 -> 485 | S65: a. Operation | U65: Pcs | W65: =+'7'!W65+'8'!V65 -> 2
A66: 18 - 19 | B66: 18 | D66: Ganti section. S.8 - S.10 | J66: 15 | L66: a. Daily Maintenance | O66: min | P66: 0 | Q66: ='1'!Q66+'2'!P66+'3'!P66+'4'!P66+'5'!P66+'6'!P66+'7'!P66+'8'!P66 -> 0 | S66: b. Mechanical | U66: Pcs | W66: =+'7'!W66+'8'!V66 -> 4
A67: 19 - 20 | B67: 6 | D67: Ganti section. S.8 - S.10(30) ; Check section dan Ts(13) | J67: 43 | L67: b. Section / Pass / Grade Change | O67: min | P67: 190 | Q67: ='1'!Q67+'2'!P67+'3'!P67+'4'!P67+'5'!P67+'6'!P67+'7'!P67+'8'!P67 -> 409 | S67: c. Electrical | U67: Pcs | W67: =+'7'!W67+'8'!V67 -> 0
A68: 20 - 21 | B68: 24 | L68: c. Section Setting | O68: min | P68: 24 | Q68: ='1'!Q68+'2'!P68+'3'!P68+'4'!P68+'5'!P68+'6'!P68+'7'!P68+'8'!P68 -> 76 | S68: d. Material / Billet Defect | U68: Pcs | W68: =+'7'!W68+'8'!V68 -> 0
A69: 21 - 22 | B69: 24 | L69: 4. Break Down | O69: min | P69: =SUM(P70:P74) -> 8 | Q69: ='1'!Q69+'2'!P69+'3'!P69+'4'!P69+'5'!P69+'6'!P69+'7'!P69+'8'!P69 -> 331 | S69: e. Un-Controllable | U69: Pcs | W69: =+'7'!W69+'8'!V69 -> 0
A70: 22 - 23 | B70: 24 | L70: a. Operation | O70: min | P70: 8 | Q70: ='1'!Q70+'2'!P70+'3'!P70+'4'!P70+'5'!P70+'6'!P70+'7'!P70+'8'!P70 -> 98 | R70: =T55*30 -> 90
A71: 23 - 24 | B71: 25 | L71: b. Mechanical | O71: min | P71: 0 | Q71: ='1'!Q71+'2'!P71+'3'!P71+'4'!P71+'5'!P71+'6'!P71+'7'!P71+'8'!P71 -> 214 | R71: =T55*25 -> 75
A72: 24 - 01 | B72: 24 | L72: c. Electrical | O72: min | P72: 0 | Q72: ='1'!Q72+'2'!P72+'3'!P72+'4'!P72+'5'!P72+'6'!P72+'7'!P72+'8'!P72 -> 19 | R72: =T55*10 -> 30
A73: 01 - 02 | B73: 17 | D73: Ganti section. S.10 - 5.5 | J73: 17 | L73: d. Material / Billet Defect | O73: min | P73: 0 | Q73: ='1'!Q73+'2'!P73+'3'!P73+'4'!P73+'5'!P73+'6'!P73+'7'!P73+'8'!P73 -> 0
A74: 02 - 03 | B74: 3 | D74: Ganti section. S.10 - 5.5(48) ; Check section(5) | J74: 53 | L74: e. Un-Controllable | O74: min | P74: 0 | Q74: ='1'!Q74+'2'!P74+'3'!P74+'4'!P74+'5'!P74+'6'!P74+'7'!P74+'8'!P74 -> 0
A75: 03 - 04 | B75: 23 | L75: 5. Production Time Available (1-2) | O75: min | P75: =P60-P61 -> 1440 | Q75: ='1'!Q75+'2'!P75+'3'!P75+'4'!P75+'5'!P75+'6'!P75+'7'!P75+'8'!P75 -> 4320
A76: 04 - 05 | B76: 25 | L76: 6. Registered Delay (3+4) | O76: min | P76: =P65+P69 -> 222 | Q76: ='1'!Q76+'2'!P76+'3'!P76+'4'!P76+'5'!P76+'6'!P76+'7'!P76+'8'!P76 -> 816
A77: 05 - 06 | B77: 25 | L77: 7. Delay Counter | O77: min | P77: 222 | Q77: ='1'!Q77+'2'!P77+'3'!P77+'4'!P77+'5'!P77+'6'!P77+'7'!P77+'8'!P77 -> 816
A78: 06 - 07 | B78: 25 | L78: 8. Slow Rolling (7-6) | O78: min | P78: =+P77-P76 -> 0 | Q78: ='1'!Q78+'2'!P78+'3'!P78+'4'!P78+'5'!P78+'6'!P78+'7'!P78+'8'!P78 -> 0
B79: =SUM(B55:B78) -> 506 | C79: =SUM(C55:C78) -> 0 | J79: =SUM(J55:J78) -> 222 | L79: 9. Effective Production Time (5-6-8) | O79: min | P79: =+P75-P76-P78 -> 1218 | Q79: ='1'!Q79+'2'!P79+'3'!P79+'4'!P79+'5'!P79+'6'!P79+'7'!P79+'8'!P79 -> 3504
L80: 10. a. Nett Utilization (9/5) | O80: % | P80: =P79/P75 -> 0.84583333 | Q80: =Q79/Q75 -> 0.81111111 | R80: 0.86
A81: NOTES | L81: b. Gross Utilization (9/1) | O81: % | P81: =P79/P60 -> 0.84583333 | Q81: =Q79/Q60 -> 0.30416667
L82: 11. a. Nett Rolling Rate (Billet / (9)) | O82: MT/hour | P82: =(C16/1000)/(P79/60) -> 52.254778 | Q82: =(C26/1000)/(Q79/60) -> 51.866901
L83: b. Gross Rolling Rate (Billet / (5)) | O83: MT/hour | P83: =(C16/1000)/(P75/60) -> 44.198833 | Q83: =(C26/1000)/(Q75/60) -> 42.069819
L84: 12. Gas Consumption | O84: Nmc | P84: 33298 | Q84: ='1'!Q84+'2'!P84+'3'!P84+'4'!P84+'5'!P84+'6'!P84+'7'!P84+'8'!P84 -> 111268
O85: Nmc/ T | P85: =P84/(K17/1000) -> 31.813578 | Q85: =Q84/(K27/1000) -> 37.395264
L86: 13. Electricity Consumption | O86: MWH | P86: 188.79 | Q86: ='1'!Q86+'2'!P86+'3'!P86+'4'!P86+'5'!P86+'6'!P86+'7'!P86+'8'!P86 -> 621
O87: KWH / T | P87: =(P86*1000)/(K16/1000) -> 180.37376 | Q87: =(Q86*1000)/(K26/1000) -> 209.97684
L88: 14. Water Consumption | O88: M3 | P88: 243 | Q88: ='1'!Q88+'2'!P88+'3'!P88+'4'!P88+'5'!P88+'6'!P88+'7'!P88+'8'!P88 -> 641
O89: M3 / Ton | P89: =P88/(K16/1000) -> 0.23216708 | Q89: =Q88/(K26/1000) -> 0.21673938
N91: SM | P91: GM

Sheet 9
A1: TMS 4 | B1: WR | P1: Page | Q1: 1/2
A2: DAILY PRODUCTION REPORT
A3: ='8'!A3:Q3+1 -> 46031
A4: BILLET | G4: PRODUCT
A5: Rolled | D5: Cobble | G5: A1 | M5: WIP
A6: ID | B6: Pc | C6: Kg | D6: Pc | E6: Kg | F6: % | G6: Type | H6: Section | I6: Grade | J6: Coil | K6: Kg | L6: Yield | M6: Coil | N6: Kg
A7: 5KX-06 | B7: 139 | C7: 294541 | G7: WR | H7: 5.5 | I7: Bj KR 6 | J7: 139 | K7: 292249 | L7: =K7/C7 -> 0.9922184
A8: 5LX-03 | B8: 144 | C8: 305424 | G8: WR | H8: 5.5 | I8: Bj KR 8 | J8: 144 | K8: 302399 | L8: =K8/C8 -> 0.99009574
A9: 5LX-01 | B9: 144 | C9: 305136 | D9: 4 | E9: 8476 | F9: =E9/C9 -> 0.027777778 | G9: WR | H9: 5.5 | I9: SWRY 11 | J9: 139 | K9: 290875 | L9: =K9/C9 -> 0.95326346 | M9: 1 | N9: 2098
A10: 5LX-01 | B10: 73 | C10: 154687 | G10: WR | H10: 5.5 | I10: SWRY11 | J10: 73 | K10: 153722 | L10: =K10/C10 -> 0.9937616
G11: WR | L11: =K11/C11 -> #DIV/0!
G12: WR | L12: =K12/C12 -> #DIV/0!
G13: WR | L13: =K13/C13 -> #DIV/0!
G14: WR | L14: =K14/C14 -> #DIV/0!
G15: WR | L15: =K15/C15 -> #DIV/0!
B16: =SUM(B7:B15) -> 500 | C16: =SUM(C7:C15) -> 1059788 | D16: =SUM(D7:D15) -> 4 | E16: =SUM(E7:E15) -> 8476 | F16: =E16/C16 -> 0.007997826 | J16: =SUM(J7:J15) -> 495 | K16: =SUM(K7:K15) -> 1039245 | L16: =K16/C16 -> 0.98061593 | M16: =SUM(M7:M15) -> 1 | N16: =SUM(N7:N15) -> 2098
A17: Total Production A1 + WIP | K17: =K16+N16 -> 1041343 | L17: =K17/C16 -> 0.98259558
A18: MONTH-TO-DATE
A19: BILLET | G19: PRODUCT
A20: Rolled | D20: Cobble | G20: A1 | M20: WIP
B21: Pc | C21: Kg | D21: Pc | E21: Kg | F21: % | G21: Type | J21: Coil | K21: Kg | L21: Yield | M21: Coil | N21: Kg
B22: ='8'!B22+'9'!B16 -> 1161 | C22: ='8'!C22+'9'!C16 -> 2459623 | D22: ='8'!D22+'9'!D16 -> 5 | E22: ='8'!E22+'9'!E16 -> 10585 | F22: =E22/C22 -> 0.004303505 | G22: WR | J22: ='8'!J22+'9'!J16 -> 1150 | K22: ='8'!K22+'9'!K16 -> 2408584 | L22: =K22/C22 -> 0.97924926 | M22: ='8'!M22+'9'!M16 -> 6 | N22: ='8'!N22+'9'!N16 -> 12424
B23: ='8'!B23 -> 776 | C23: ='8'!C23 -> 1629192 | D23: ='8'!D23 -> 5 | E23: ='8'!E23 -> 10545 | F23: =E23/C23 -> 0.0064725336 | G23: BIC | J23: ='8'!J23 -> 767 | K23: ='8'!K23 -> 1588130 | L23: =K23/C23 -> 0.9747961 | M23: ='8'!M23 -> 4 | N23: ='8'!N23 -> 7662
B24: ='8'!B24 -> 0 | C24: ='8'!C24 -> 0 | D24: ='8'!D24 -> 0 | E24: ='8'!E24 -> 0 | F24: =E24/C24 -> #DIV/0! | G24: MIC | J24: ='8'!J24 -> 0 | K24: ='8'!K24 -> 0 | L24: =K24/C24 -> #DIV/0! | M24: ='8'!M24 -> 0 | N24: ='8'!N24 -> 0
B26: =SUM(B21:B25) -> 1937 | C26: =SUM(C21:C25) -> 4088815 | D26: =SUM(D21:D25) -> 10 | E26: =SUM(E22:E25) -> 21130 | F26: =E26/C26 -> 0.0051677564 | J26: =SUM(J22:J25) -> 1917 | K26: =SUM(K22:K25) -> 3996714 | L26: =K26/C26 -> 0.97747489 | M26: =SUM(M22:M25) -> 10 | N26: =SUM(N22:N25) -> 20086
A27: Total Production A1 + WIP | K27: =K26+N26 -> 4016800 | L27: =K27/C26 -> 0.98238732
A29: Type | B29: Section | C29: Grade | D29: Coil | E29: Kg | G29: Type | H29: Section | I29: Grade | J29: Coil | K29: Kg | M29: Type | N29: Section | O29: Grade | P29: Coil | Q29: Kg
A30: ='8'!A30 -> BIC | B30: ='8'!B30 -> P.6 | C30: ='8'!C30 -> BjTPG280 | D30: ='8'!D30 -> 239 | E30: ='8'!E30 -> 497038 | G30: ='8'!G30 -> WR | H30: ='8'!H30 -> 0 | I30: ='8'!I30 -> 0 | J30: ='8'!J30 -> 0 | K30: ='8'!K30 -> 0 | M30: ='8'!M30 -> WR | N30: ='8'!N30 -> 0 | O30: ='8'!O30 -> 0 | P30: ='8'!P30 -> 0 | Q30: ='8'!Q30 -> 0
A31: ='8'!A31 -> WR | B31: ='8'!B31 -> 6.5 | C31: ='8'!C31 -> 8 | D31: ='8'!D31 -> 144 | E31: ='8'!E31 -> 301505 | G31: ='8'!G31 -> WR | H31: ='8'!H31 -> 0 | I31: ='8'!I31 -> 0 | J31: ='8'!J31 -> 0 | K31: ='8'!K31 -> 0 | M31: ='8'!M31 -> WR | N31: ='8'!N31 -> 0 | O31: ='8'!O31 -> 0 | P31: ='8'!P31 -> 0 | Q31: ='8'!Q31 -> 0
A32: ='8'!A32 -> WR | B32: ='8'!B32 -> 6.5 | C32: ='8'!C32 -> 10 | D32: ='8'!D32 -> 48 | E32: ='8'!E32 -> 99149 | G32: ='8'!G32 -> WR | H32: ='8'!H32 -> 0 | I32: ='8'!I32 -> 0 | J32: ='8'!J32 -> 0 | K32: ='8'!K32 -> 0 | M32: ='8'!M32 -> WR | N32: ='8'!N32 -> 0 | O32: ='8'!O32 -> 0 | P32: ='8'!P32 -> 0 | Q32: ='8'!Q32 -> 0
A33: ='8'!A33 -> WR | B33: ='8'!B33 -> 6.5 | C33: ='8'!C33 -> 15 | D33: ='8'!D33 -> 6 | E33: ='8'!E33 -> 12304 | G33: ='8'!G33 -> WR | H33: ='8'!H33 -> 0 | I33: ='8'!I33 -> 0 | J33: ='8'!J33 -> 0 | K33: ='8'!K33 -> 0 | M33: ='8'!M33 -> WR | N33: ='8'!N33 -> 0 | O33: ='8'!O33 -> 0 | P33: ='8'!P33 -> 0 | Q33: ='8'!Q33 -> 0
A34: ='8'!A34 -> WR | B34: ='8'!B34 -> 5.5 | C34: ='8'!C34 -> 6 | D34: ='8'!D34+J7 -> 288 | E34: ='8'!E34+K7 -> 604081 | G34: ='8'!G34 -> WR | H34: ='8'!H34 -> 0 | I34: ='8'!I34 -> 0 | J34: ='8'!J34 -> 0 | K34: ='8'!K34 -> 0 | M34: ='8'!M34 -> WR | N34: ='8'!N34 -> 0 | O34: ='8'!O34 -> 0 | P34: ='8'!P34 -> 0 | Q34: ='8'!Q34 -> 0
A35: ='8'!A35 -> WR | B35: ='8'!B35 -> 5.5 | C35: ='8'!C35 -> 8.A | D35: ='8'!D35 -> 48 | E35: ='8'!E35 -> 100840 | G35: ='8'!G35 -> WR | H35: ='8'!H35 -> 0 | I35: ='8'!I35 -> 0 | J35: ='8'!J35 -> 0 | K35: ='8'!K35 -> 0 | M35: ='8'!M35 -> WR | N35: ='8'!N35 -> 0 | O35: ='8'!O35 -> 0 | P35: ='8'!P35 -> 0 | Q35: ='8'!Q35 -> 0
A36: ='8'!A36 -> WR | B36: ='8'!B36 -> 5.5 | C36: ='8'!C36 -> 22.A | D36: ='8'!D36 -> 140 | E36: ='8'!E36 -> 291528 | G36: ='8'!G36 -> WR | H36: ='8'!H36 -> 0 | I36: ='8'!I36 -> 0 | J36: ='8'!J36 -> 0 | K36: ='8'!K36 -> 0 | M36: ='8'!M36 -> WR | N36: ='8'!N36 -> 0 | O36: ='8'!O36 -> 0 | P36: ='8'!P36 -> 0 | Q36: ='8'!Q36 -> 0
A37: ='8'!A37 -> WR | B37: ='8'!B37 -> 5.5 | C37: ='8'!C37 -> Y.11 | D37: ='8'!D37+J9+J10 -> 308 | E37: ='8'!E37+K9+K10 -> 645930 | G37: ='8'!G37 -> WR | H37: ='8'!H37 -> 0 | I37: ='8'!I37 -> 0 | J37: ='8'!J37 -> 0 | K37: ='8'!K37 -> 0 | M37: ='8'!M37 -> WR | N37: ='8'!N37 -> 0 | O37: ='8'!O37 -> 0 | P37: ='8'!P37 -> 0 | Q37: ='8'!Q37 -> 0
A38: ='8'!A38 -> WR | B38: ='8'!B38 -> 5.5 | C38: ='8'!C38 -> 67.A | D38: ='8'!D38 -> 24 | E38: ='8'!E38 -> 50848 | G38: ='8'!G38 -> WR | H38: ='8'!H38 -> 0 | I38: ='8'!I38 -> 0 | J38: ='8'!J38 -> 0 | K38: ='8'!K38 -> 0 | M38: ='8'!M38 -> WR | N38: ='8'!N38 -> 0 | O38: ='8'!O38 -> 0 | P38: ='8'!P38 -> 0 | Q38: ='8'!Q38 -> 0
A39: ='8'!A39 -> BIC | B39: ='8'!B39 -> P.8 | C39: ='8'!C39 -> BjTPG280 | D39: ='8'!D39 -> 192 | E39: ='8'!E39 -> 400212 | G39: ='8'!G39 -> WR | H39: ='8'!H39 -> 0 | I39: ='8'!I39 -> 0 | J39: ='8'!J39 -> 0 | K39: ='8'!K39 -> 0 | M39: ='8'!M39 -> WR | N39: ='8'!N39 -> 0 | O39: ='8'!O39 -> 0 | P39: ='8'!P39 -> 0 | Q39: ='8'!Q39 -> 0
A40: ='8'!A40 -> BIC | B40: ='8'!B40 -> S.8 | C40: ='8'!C40 -> BjTSG420 | D40: ='8'!D40 -> 192 | E40: ='8'!E40 -> 395038 | G40: ='8'!G40 -> WR | H40: ='8'!H40 -> 0 | I40: ='8'!I40 -> 0 | J40: ='8'!J40 -> 0 | K40: ='8'!K40 -> 0 | M40: ='8'!M40 -> WR | N40: ='8'!N40 -> 0 | O40: ='8'!O40 -> 0 | P40: ='8'!P40 -> 0 | Q40: ='8'!Q40 -> 0
A41: ='8'!A41 -> BIC | B41: ='8'!B41 -> S.10 | C41: ='8'!C41 -> BjTSG420 | D41: ='8'!D41 -> 144 | E41: ='8'!E41 -> 295842 | G41: ='8'!G41 -> WR | H41: ='8'!H41 -> 0 | I41: ='8'!I41 -> 0 | J41: ='8'!J41 -> 0 | K41: ='8'!K41 -> 0 | M41: ='8'!M41 -> WR | N41: ='8'!N41 -> 0 | O41: ='8'!O41 -> 0 | P41: ='8'!P41 -> 0 | Q41: ='8'!Q41 -> 0
A42: ='8'!A42 -> WR | B42: 5.5 | C42: 8 | D42: =J8 -> 144 | E42: =K8 -> 302399 | G42: ='8'!G42 -> WR | H42: ='8'!H42 -> 0 | I42: ='8'!I42 -> 0 | J42: ='8'!J42 -> 0 | K42: ='8'!K42 -> 0 | M42: ='8'!M42 -> WR | N42: ='8'!N42 -> 0 | O42: ='8'!O42 -> 0 | P42: ='8'!P42 -> 0 | Q42: ='8'!Q42 -> 0
A43: ='8'!A43 -> WR | B43: ='8'!B43 -> 0 | C43: ='8'!C43 -> 0 | D43: ='8'!D43 -> 0 | E43: ='8'!E43 -> 0 | G43: ='8'!G43 -> WR | H43: ='8'!H43 -> 0 | I43: ='8'!I43 -> 0 | J43: ='8'!J43 -> 0 | K43: ='8'!K43 -> 0 | M43: ='8'!M43 -> WR | N43: ='8'!N43 -> 0 | O43: ='8'!O43 -> 0 | P43: ='8'!P43 -> 0 | Q43: ='8'!Q43 -> 0
A44: ='8'!A44 -> WR | B44: ='8'!B44 -> 0 | C44: ='8'!C44 -> 0 | D44: ='8'!D44 -> 0 | E44: ='8'!E44 -> 0 | G44: ='8'!G44 -> WR | H44: ='8'!H44 -> 0 | I44: ='8'!I44 -> 0 | J44: ='8'!J44 -> 0 | K44: ='8'!K44 -> 0 | M44: ='8'!M44 -> WR | N44: ='8'!N44 -> 0 | O44: ='8'!O44 -> 0 | P44: ='8'!P44 -> 0 | Q44: ='8'!Q44 -> 0
A45: ='8'!A45 -> WR | B45: ='8'!B45 -> 0 | C45: ='8'!C45 -> 0 | D45: ='8'!D45 -> 0 | E45: ='8'!E45 -> 0 | G45: ='8'!G45 -> WR | H45: ='8'!H45 -> 0 | I45: ='8'!I45 -> 0 | J45: ='8'!J45 -> 0 | K45: ='8'!K45 -> 0 | M45: ='8'!M45 -> WR | N45: ='8'!N45 -> 0 | O45: ='8'!O45 -> 0 | P45: ='8'!P45 -> 0 | Q45: ='8'!Q45 -> 0
A46: ='8'!A46 -> WR | B46: ='8'!B46 -> 0 | C46: ='8'!C46 -> 0 | D46: ='8'!D46 -> 0 | E46: ='8'!E46 -> 0 | G46: ='8'!G46 -> WR | H46: ='8'!H46 -> 0 | I46: ='8'!I46 -> 0 | J46: ='8'!J46 -> 0 | K46: ='8'!K46 -> 0 | M46: ='8'!M46 -> WR | N46: ='8'!N46 -> 0 | O46: ='8'!O46 -> 0 | P46: ='8'!P46 -> 0 | Q46: ='8'!Q46 -> 0
A47: ='8'!A47 -> WR | B47: ='8'!B47 -> 0 | C47: ='8'!C47 -> 0 | D47: ='8'!D47 -> 0 | E47: ='8'!E47 -> 0 | G47: ='8'!G47 -> WR | H47: ='8'!H47 -> 0 | I47: ='8'!I47 -> 0 | J47: ='8'!J47 -> 0 | K47: ='8'!K47 -> 0 | M47: ='8'!M47 -> WR | N47: ='8'!N47 -> 0 | O47: ='8'!O47 -> 0 | P47: ='8'!P47 -> 0 | Q47: ='8'!Q47 -> 0
A48: ='8'!A48 -> WR | B48: ='8'!B48 -> 0 | C48: ='8'!C48 -> 0 | D48: ='8'!D48 -> 0 | E48: ='8'!E48 -> 0 | G48: ='8'!G48 -> WR | H48: ='8'!H48 -> 0 | I48: ='8'!I48 -> 0 | J48: ='8'!J48 -> 0 | K48: ='8'!K48 -> 0 | M48: ='8'!M48 -> WR | N48: ='8'!N48 -> 0 | O48: ='8'!O48 -> 0 | P48: ='8'!P48 -> 0 | Q48: ='8'!Q48 -> 0
A49: ='8'!A49 -> WR | B49: ='8'!B49 -> 0 | C49: ='8'!C49 -> 0 | D49: ='8'!D49 -> 0 | E49: ='8'!E49 -> 0 | G49: ='8'!G49 -> WR | H49: ='8'!H49 -> 0 | I49: ='8'!I49 -> 0 | J49: ='8'!J49 -> 0 | K49: ='8'!K49 -> 0 | M49: ='8'!M49 -> WR | N49: ='8'!N49 -> 0 | O49: ='8'!O49 -> 0 | P49: ='8'!P49 -> 0 | Q49: ='8'!Q49 -> 0
A50: =A1 -> TMS 4 | B50: =B1 -> WR | P50: Page | Q50: 2/2
A51: PRODUCTIVITY & OPERATION REPORT
A52: =A3 -> 46031 | L52: 5.5 - BjKR6, 8, SWRY11
A53: Time | B53: Billet Rolled | C53: Cobble | D53: Details of Breakdown | J53: min | L53: Parameter | O53: Unit | P53: D | Q53: M-to-D | R53: TARGET | S53: JML | T53: HARI | U53: HARI
A54: Range | B54: (pcs) | R54: M-to-D | S54: HARI | T54: PRODUKSI | U54: STOP. PRD
A55: 07 - 08 | B55: 24 | L55: Billet Rolled | O55: Kg | P55: =C16 -> 1059788 | Q55: =C26 -> 4088815 | S55: =DAY(A52) -> 9 | T55: =S55-U55 -> 4 | U55: ='8'!U55 -> 5
A56: 08 - 09 | B56: 25 | L56: A1+WIP | O56: Kg | P56: =K17 -> 1041343 | Q56: =K27 -> 4016800
A57: 09 - 10 | B57: 24 | L57: Yield | O57: % | P57: =L17 -> 0.98259558 | Q57: =L27 -> 0.98238732 | R57: 0.985
A58: 10 - 11 | B58: 25 | L58: Coble | O58: Kg | P58: =E16 -> 8476 | Q58: =E26 -> 21130
A59: 11 - 12 | B59: 24 | O59: % | P59: =F16 -> 0.007997826 | Q59: =F26 -> 0.0051677564 | R59: 0.0015
A60: 12 - 13 | B60: 24 | D60: Grade change. 1006 - 1008 | J60: 2 | L60: 1. Working Time Available | O60: min | P60: 1440 | Q60: ='1'!Q60+'2'!P60+'3'!P60+'4'!P60+'5'!P60+'6'!P60+'7'!P60+'8'!P60+'9'!P60 -> 12960
A61: 13 - 14 | B61: 24 | L61: 2. Planned Stoppage (a+b+c) | O61: min | P61: =SUM(P62:P64) -> 0 | Q61: ='1'!Q61+'2'!P61+'3'!P61+'4'!P61+'5'!P61+'6'!P61+'7'!P61+'8'!P61+'9'!P61 -> 7200
A62: 14 - 15 | B62: 10 | D62: Maint. Ganti pass #25, #26 ; entry box #12 - #26(30) ; check section(5) | J62: 35 | L62: a. Shut Down | O62: min | P62: 0 | Q62: ='1'!Q62+'2'!P62+'3'!P62+'4'!P62+'5'!P62+'6'!P62+'7'!P62+'8'!P62+'9'!P62 -> 7200
A63: 15 - 16 | B63: 25 | L63: b. Peak Hour | O63: min | P63: 0 | Q63: ='1'!Q63+'2'!P63+'3'!P63+'4'!P63+'5'!P63+'6'!P63+'7'!P63+'8'!P63+'9'!P63 -> 0
A64: 16 - 17 | B64: 25 | L64: c. Others | O64: min | P64: 0 | Q64: ='1'!Q64+'2'!P64+'3'!P64+'4'!P64+'5'!P64+'6'!P64+'7'!P64+'8'!P64+'9'!P64 -> 0 | S64: 4.1 Detail Cobble | V64: D | W64: M-to-D
A65: 17 - 18 | B65: 24 | L65: 3. Delay Maintenance (a+b+c) | O65: min | P65: =SUM(P66:P68) -> 88 | Q65: ='1'!Q65+'2'!P65+'3'!P65+'4'!P65+'5'!P65+'6'!P65+'7'!P65+'8'!P65+'9'!P65 -> 573 | S65: a. Operation | U65: Pcs | V65: 4 | W65: =+'8'!W65+'9'!V65 -> 6
A66: 18 - 19 | B66: 24 | L66: a. Daily Maintenance | O66: min | P66: 0 | Q66: ='1'!Q66+'2'!P66+'3'!P66+'4'!P66+'5'!P66+'6'!P66+'7'!P66+'8'!P66+'9'!P66 -> 0 | S66: b. Mechanical | U66: Pcs | W66: =+'8'!W66+'9'!V66 -> 4
A67: 19 - 20 | B67: 19 | C67: 1 | D67: Grade change. 1008 - Y11(1) ; Kepala material bengkok dan tidak masuk entry #16(13) | J67: 14 | L67: b. Section / Pass / Grade Change | O67: min | P67: 78 | Q67: ='1'!Q67+'2'!P67+'3'!P67+'4'!P67+'5'!P67+'6'!P67+'7'!P67+'8'!P67+'9'!P67 -> 487 | S67: c. Electrical | U67: Pcs | W67: =+'8'!W67+'9'!V67 -> 0
A68: 20 - 21 | B68: 5 | C68: 2 | D68: Kepala material bengkok dan tidak masuk entry #16 | J68: 47 | L68: c. Section Setting | O68: min | P68: 10 | Q68: ='1'!Q68+'2'!P68+'3'!P68+'4'!P68+'5'!P68+'6'!P68+'7'!P68+'8'!P68+'9'!P68 -> 86 | S68: d. Material / Billet Defect | U68: Pcs | W68: =+'8'!W68+'9'!V68 -> 0
A69: 21 - 22 | B69: 12 | D69: Kepala material bengkok dan tidak masuk entry #16 | J69: 29 | L69: 4. Break Down | O69: min | P69: =SUM(P70:P74) -> 122 | Q69: ='1'!Q69+'2'!P69+'3'!P69+'4'!P69+'5'!P69+'6'!P69+'7'!P69+'8'!P69+'9'!P69 -> 453 | S69: e. Un-Controllable | U69: Pcs | W69: =+'8'!W69+'9'!V69 -> 0
A70: 22 - 23 | B70: 22 | D70: Check FFB. Ada alarm filter clogged FFB area lubrication pump #2 | J70: 4 | L70: a. Operation | O70: min | P70: 115 | Q70: ='1'!Q70+'2'!P70+'3'!P70+'4'!P70+'5'!P70+'6'!P70+'7'!P70+'8'!P70+'9'!P70 -> 213 | R70: =T55*30 -> 120
A71: 23 - 24 | B71: 2 | C71: 1 | D71: Kepala material bengkok dan tidak masuk entry #16(26) ; Maint. Ganti pass #23, #24 ; TC ring #25, #26(28) | J71: 54 | L71: b. Mechanical | O71: min | P71: 7 | Q71: ='1'!Q71+'2'!P71+'3'!P71+'4'!P71+'5'!P71+'6'!P71+'7'!P71+'8'!P71+'9'!P71 -> 221 | R71: =T55*25 -> 100
A72: 24 - 01 | B72: 15 | D72: Ganti roll #15 ; entry box #12 - #26(17) ; check section(5) | J72: 22 | L72: c. Electrical | O72: min | P72: 0 | Q72: ='1'!Q72+'2'!P72+'3'!P72+'4'!P72+'5'!P72+'6'!P72+'7'!P72+'8'!P72+'9'!P72 -> 19 | R72: =T55*10 -> 40
A73: 01 - 02 | B73: 25 | L73: d. Material / Billet Defect | O73: min | P73: 0 | Q73: ='1'!Q73+'2'!P73+'3'!P73+'4'!P73+'5'!P73+'6'!P73+'7'!P73+'8'!P73+'9'!P73 -> 0
A74: 02 - 03 | B74: 25 | L74: e. Un-Controllable | O74: min | P74: 0 | Q74: ='1'!Q74+'2'!P74+'3'!P74+'4'!P74+'5'!P74+'6'!P74+'7'!P74+'8'!P74+'9'!P74 -> 0
A75: 03 - 04 | B75: 24 | L75: 5. Production Time Available (1-2) | O75: min | P75: =P60-P61 -> 1440 | Q75: ='1'!Q75+'2'!P75+'3'!P75+'4'!P75+'5'!P75+'6'!P75+'7'!P75+'8'!P75+'9'!P75 -> 5760
A76: 04 - 05 | B76: 25 | L76: 6. Registered Delay (3+4) | O76: min | P76: =P65+P69 -> 210 | Q76: ='1'!Q76+'2'!P76+'3'!P76+'4'!P76+'5'!P76+'6'!P76+'7'!P76+'8'!P76+'9'!P76 -> 1026
A77: 05 - 06 | B77: 24 | L77: 7. Delay Counter | O77: min | P77: 210 | Q77: ='1'!Q77+'2'!P77+'3'!P77+'4'!P77+'5'!P77+'6'!P77+'7'!P77+'8'!P77+'9'!P77 -> 1026
A78: 06 - 07 | B78: 24 | D78: Chain hook conveyor mati. Close time out di B6 | J78: 3 | L78: 8. Slow Rolling (7-6) | O78: min | P78: =+P77-P76 -> 0 | Q78: ='1'!Q78+'2'!P78+'3'!P78+'4'!P78+'5'!P78+'6'!P78+'7'!P78+'8'!P78+'9'!P78 -> 0
B79: =SUM(B55:B78) -> 500 | C79: =SUM(C55:C78) -> 4 | J79: =SUM(J55:J78) -> 210 | L79: 9. Effective Production Time (5-6-8) | O79: min | P79: =+P75-P76-P78 -> 1230 | Q79: ='1'!Q79+'2'!P79+'3'!P79+'4'!P79+'5'!P79+'6'!P79+'7'!P79+'8'!P79+'9'!P79 -> 4734
L80: 10. a. Nett Utilization (9/5) | O80: % | P80: =P79/P75 -> 0.85416667 | Q80: =Q79/Q75 -> 0.821875 | R80: 0.86
A81: NOTES | L81: b. Gross Utilization (9/1) | O81: % | P81: =P79/P60 -> 0.85416667 | Q81: =Q79/Q60 -> 0.36527778
L82: 11. a. Nett Rolling Rate (Billet / (9)) | O82: MT/hour | P82: =(C16/1000)/(P79/60) -> 51.696976 | Q82: =(C26/1000)/(Q79/60) -> 51.82275
L83: b. Gross Rolling Rate (Billet / (5)) | O83: MT/hour | P83: =(C16/1000)/(P75/60) -> 44.157833 | Q83: =(C26/1000)/(Q75/60) -> 42.591823
L84: 12. Gas Consumption | O84: Nmc | P84: 33147 | Q84: ='1'!Q84+'2'!P84+'3'!P84+'4'!P84+'5'!P84+'6'!P84+'7'!P84+'8'!P84+'9'!P84 -> 144415
O85: Nmc/ T | P85: =P84/(K17/1000) -> 31.831011 | Q85: =Q84/(K27/1000) -> 35.952748
L86: 13. Electricity Consumption | O86: MWH | P86: 199.4 | Q86: ='1'!Q86+'2'!P86+'3'!P86+'4'!P86+'5'!P86+'6'!P86+'7'!P86+'8'!P86+'9'!P86 -> 820.4
O87: KWH / T | P87: =(P86*1000)/(K16/1000) -> 191.87006 | Q87: =(Q86*1000)/(K26/1000) -> 205.26863
L88: 14. Water Consumption | O88: M3 | P88: 167 | Q88: ='1'!Q88+'2'!P88+'3'!P88+'4'!P88+'5'!P88+'6'!P88+'7'!P88+'8'!P88+'9'!P88 -> 808
O89: M3 / Ton | P89: =P88/(K16/1000) -> 0.16069358 | Q89: =Q88/(K26/1000) -> 0.20216608
N91: SM | P91: GM

Sheet 10
A1: TMS 4 | B1: WR | P1: Page | Q1: 1/2
A2: DAILY PRODUCTION REPORT
A3: ='9'!A3:Q3+1 -> 46032
A4: BILLET | G4: PRODUCT
A5: Rolled | D5: Cobble | G5: A1 | M5: WIP
A6: ID | B6: Pc | C6: Kg | D6: Pc | E6: Kg | F6: % | G6: Type | H6: Section | I6: Grade | J6: Coil | K6: Kg | L6: Yield | M6: Coil | N6: Kg
A7: 5LX-01 | B7: 152 | C7: 322088 | D7: 1 | E7: 2119 | F7: =E7/C7 -> 0.0065789474 | G7: WR | H7: 5.5 | I7: SWRY11 | J7: 147 | K7: 307583 | L7: =K7/C7 -> 0.95496572 | M7: 4 | N7: 8159
A8: 5LX-01 | B8: 71 | C8: 150449 | G8: WR | H8: 5.5 | I8: SWRY 11 | J8: 71 | K8: 149077 | L8: =K8/C8 -> 0.99088063
A9: 4LX-03 | B9: 144 | C9: 304416 | G9: WR | H9: 5.5 | I9: SWRCH22A | J9: 144 | K9: 301817 | L9: =K9/C9 -> 0.99146234
A10: 5KX-06 | B10: 103 | C10: 218257 | G10: WR | H10: 5.5 | I10: Bj KR 6 | J10: 103 | K10: 216475 | L10: =K10/C10 -> 0.99183531
A11: 5KX-06 | B11: 54 | C11: 114426 | G11: WR | H11: 5.5 | I11: SAE 1006 | J11: 54 | K11: 113601 | L11: =K11/C11 -> 0.9927901
G12: WR | L12: =K12/C12 -> #DIV/0!
G13: WR | L13: =K13/C13 -> #DIV/0!
G14: WR | L14: =K14/C14 -> #DIV/0!
G15: WR | L15: =K15/C15 -> #DIV/0!
B16: =SUM(B7:B15) -> 524 | C16: =SUM(C7:C15) -> 1109636 | D16: =SUM(D7:D15) -> 1 | E16: =SUM(E7:E15) -> 2119 | F16: =E16/C16 -> 0.0019096352 | J16: =SUM(J7:J15) -> 519 | K16: =SUM(K7:K15) -> 1088553 | L16: =K16/C16 -> 0.98100008 | M16: =SUM(M7:M15) -> 4 | N16: =SUM(N7:N15) -> 8159
A17: Total Production A1 + WIP | K17: =K16+N16 -> 1096712 | L17: =K17/C16 -> 0.98835294
A18: MONTH-TO-DATE
A19: BILLET | G19: PRODUCT
A20: Rolled | D20: Cobble | G20: A1 | M20: WIP
B21: Pc | C21: Kg | D21: Pc | E21: Kg | F21: % | G21: Type | J21: Coil | K21: Kg | L21: Yield | M21: Coil | N21: Kg
B22: ='9'!B22+'10'!B16 -> 1685 | C22: ='9'!C22+'10'!C16 -> 3569259 | D22: ='9'!D22+'10'!D16 -> 6 | E22: ='9'!E22+'10'!E16 -> 12704 | F22: =E22/C22 -> 0.0035592822 | G22: WR | J22: ='9'!J22+'10'!J16 -> 1669 | K22: ='9'!K22+'10'!K16 -> 3497137 | L22: =K22/C22 -> 0.97979356 | M22: ='9'!M22+'10'!M16 -> 10 | N22: ='9'!N22+'10'!N16 -> 20583
B23: ='9'!B23 -> 776 | C23: ='9'!C23 -> 1629192 | D23: ='9'!D23 -> 5 | E23: ='9'!E23 -> 10545 | F23: =E23/C23 -> 0.0064725336 | G23: BIC | J23: ='9'!J23 -> 767 | K23: ='9'!K23 -> 1588130 | L23: =K23/C23 -> 0.9747961 | M23: ='9'!M23 -> 4 | N23: ='9'!N23 -> 7662
B24: ='9'!B24 -> 0 | C24: ='9'!C24 -> 0 | D24: ='9'!D24 -> 0 | E24: ='9'!E24 -> 0 | F24: =E24/C24 -> #DIV/0! | G24: MIC | J24: ='9'!J24 -> 0 | K24: ='9'!K24 -> 0 | L24: =K24/C24 -> #DIV/0! | M24: ='9'!M24 -> 0 | N24: ='9'!N24 -> 0
B26: =SUM(B21:B25) -> 2461 | C26: =SUM(C21:C25) -> 5198451 | D26: =SUM(D21:D25) -> 11 | E26: =SUM(E22:E25) -> 23249 | F26: =E26/C26 -> 0.0044722938 | J26: =SUM(J22:J25) -> 2436 | K26: =SUM(K22:K25) -> 5085267 | L26: =K26/C26 -> 0.97822736 | M26: =SUM(M22:M25) -> 14 | N26: =SUM(N22:N25) -> 28245
A27: Total Production A1 + WIP | K27: =K26+N26 -> 5113512 | L27: =K27/C26 -> 0.98366071
A29: Type | B29: Section | C29: Grade | D29: Coil | E29: Kg | G29: Type | H29: Section | I29: Grade | J29: Coil | K29: Kg | M29: Type | N29: Section | O29: Grade | P29: Coil | Q29: Kg
A30: ='9'!A30 -> BIC | B30: ='9'!B30 -> P.6 | C30: ='9'!C30 -> BjTPG280 | D30: ='9'!D30 -> 239 | E30: ='9'!E30 -> 497038 | G30: ='9'!G30 -> WR | H30: ='9'!H30 -> 0 | I30: ='9'!I30 -> 0 | J30: ='9'!J30 -> 0 | K30: ='9'!K30 -> 0 | M30: ='9'!M30 -> WR | N30: ='9'!N30 -> 0 | O30: ='9'!O30 -> 0 | P30: ='9'!P30 -> 0 | Q30: ='9'!Q30 -> 0
A31: ='9'!A31 -> WR | B31: ='9'!B31 -> 6.5 | C31: ='9'!C31 -> 8 | D31: ='9'!D31 -> 144 | E31: ='9'!E31 -> 301505 | G31: ='9'!G31 -> WR | H31: ='9'!H31 -> 0 | I31: ='9'!I31 -> 0 | J31: ='9'!J31 -> 0 | K31: ='9'!K31 -> 0 | M31: ='9'!M31 -> WR | N31: ='9'!N31 -> 0 | O31: ='9'!O31 -> 0 | P31: ='9'!P31 -> 0 | Q31: ='9'!Q31 -> 0
A32: ='9'!A32 -> WR | B32: ='9'!B32 -> 6.5 | C32: ='9'!C32 -> 10 | D32: ='9'!D32 -> 48 | E32: ='9'!E32 -> 99149 | G32: ='9'!G32 -> WR | H32: ='9'!H32 -> 0 | I32: ='9'!I32 -> 0 | J32: ='9'!J32 -> 0 | K32: ='9'!K32 -> 0 | M32: ='9'!M32 -> WR | N32: ='9'!N32 -> 0 | O32: ='9'!O32 -> 0 | P32: ='9'!P32 -> 0 | Q32: ='9'!Q32 -> 0
A33: ='9'!A33 -> WR | B33: ='9'!B33 -> 6.5 | C33: ='9'!C33 -> 15 | D33: ='9'!D33 -> 6 | E33: ='9'!E33 -> 12304 | G33: ='9'!G33 -> WR | H33: ='9'!H33 -> 0 | I33: ='9'!I33 -> 0 | J33: ='9'!J33 -> 0 | K33: ='9'!K33 -> 0 | M33: ='9'!M33 -> WR | N33: ='9'!N33 -> 0 | O33: ='9'!O33 -> 0 | P33: ='9'!P33 -> 0 | Q33: ='9'!Q33 -> 0
A34: ='9'!A34 -> WR | B34: ='9'!B34 -> 5.5 | C34: ='9'!C34 -> 6 | D34: ='9'!D34+J10+J11 -> 445 | E34: ='9'!E34+K10+K11 -> 934157 | G34: ='9'!G34 -> WR | H34: ='9'!H34 -> 0 | I34: ='9'!I34 -> 0 | J34: ='9'!J34 -> 0 | K34: ='9'!K34 -> 0 | M34: ='9'!M34 -> WR | N34: ='9'!N34 -> 0 | O34: ='9'!O34 -> 0 | P34: ='9'!P34 -> 0 | Q34: ='9'!Q34 -> 0
A35: ='9'!A35 -> WR | B35: ='9'!B35 -> 5.5 | C35: ='9'!C35 -> 8.A | D35: ='9'!D35 -> 48 | E35: ='9'!E35 -> 100840 | G35: ='9'!G35 -> WR | H35: ='9'!H35 -> 0 | I35: ='9'!I35 -> 0 | J35: ='9'!J35 -> 0 | K35: ='9'!K35 -> 0 | M35: ='9'!M35 -> WR | N35: ='9'!N35 -> 0 | O35: ='9'!O35 -> 0 | P35: ='9'!P35 -> 0 | Q35: ='9'!Q35 -> 0
A36: ='9'!A36 -> WR | B36: ='9'!B36 -> 5.5 | C36: ='9'!C36 -> 22.A | D36: ='9'!D36+J9 -> 284 | E36: ='9'!E36+K9 -> 593345 | G36: ='9'!G36 -> WR | H36: ='9'!H36 -> 0 | I36: ='9'!I36 -> 0 | J36: ='9'!J36 -> 0 | K36: ='9'!K36 -> 0 | M36: ='9'!M36 -> WR | N36: ='9'!N36 -> 0 | O36: ='9'!O36 -> 0 | P36: ='9'!P36 -> 0 | Q36: ='9'!Q36 -> 0
A37: ='9'!A37 -> WR | B37: ='9'!B37 -> 5.5 | C37: ='9'!C37 -> Y.11 | D37: ='9'!D37+J7+J8 -> 526 | E37: ='9'!E37+K7+K8 -> 1102590 | G37: ='9'!G37 -> WR | H37: ='9'!H37 -> 0 | I37: ='9'!I37 -> 0 | J37: ='9'!J37 -> 0 | K37: ='9'!K37 -> 0 | M37: ='9'!M37 -> WR | N37: ='9'!N37 -> 0 | O37: ='9'!O37 -> 0 | P37: ='9'!P37 -> 0 | Q37: ='9'!Q37 -> 0
A38: ='9'!A38 -> WR | B38: ='9'!B38 -> 5.5 | C38: ='9'!C38 -> 67.A | D38: ='9'!D38 -> 24 | E38: ='9'!E38 -> 50848 | G38: ='9'!G38 -> WR | H38: ='9'!H38 -> 0 | I38: ='9'!I38 -> 0 | J38: ='9'!J38 -> 0 | K38: ='9'!K38 -> 0 | M38: ='9'!M38 -> WR | N38: ='9'!N38 -> 0 | O38: ='9'!O38 -> 0 | P38: ='9'!P38 -> 0 | Q38: ='9'!Q38 -> 0
A39: ='9'!A39 -> BIC | B39: ='9'!B39 -> P.8 | C39: ='9'!C39 -> BjTPG280 | D39: ='9'!D39 -> 192 | E39: ='9'!E39 -> 400212 | G39: ='9'!G39 -> WR | H39: ='9'!H39 -> 0 | I39: ='9'!I39 -> 0 | J39: ='9'!J39 -> 0 | K39: ='9'!K39 -> 0 | M39: ='9'!M39 -> WR | N39: ='9'!N39 -> 0 | O39: ='9'!O39 -> 0 | P39: ='9'!P39 -> 0 | Q39: ='9'!Q39 -> 0
A40: ='9'!A40 -> BIC | B40: ='9'!B40 -> S.8 | C40: ='9'!C40 -> BjTSG420 | D40: ='9'!D40 -> 192 | E40: ='9'!E40 -> 395038 | G40: ='9'!G40 -> WR | H40: ='9'!H40 -> 0 | I40: ='9'!I40 -> 0 | J40: ='9'!J40 -> 0 | K40: ='9'!K40 -> 0 | M40: ='9'!M40 -> WR | N40: ='9'!N40 -> 0 | O40: ='9'!O40 -> 0 | P40: ='9'!P40 -> 0 | Q40: ='9'!Q40 -> 0
A41: ='9'!A41 -> BIC | B41: ='9'!B41 -> S.10 | C41: ='9'!C41 -> BjTSG420 | D41: ='9'!D41 -> 144 | E41: ='9'!E41 -> 295842 | G41: ='9'!G41 -> WR | H41: ='9'!H41 -> 0 | I41: ='9'!I41 -> 0 | J41: ='9'!J41 -> 0 | K41: ='9'!K41 -> 0 | M41: ='9'!M41 -> WR | N41: ='9'!N41 -> 0 | O41: ='9'!O41 -> 0 | P41: ='9'!P41 -> 0 | Q41: ='9'!Q41 -> 0
A42: ='9'!A42 -> WR | B42: ='9'!B42 -> 5.5 | C42: ='9'!C42 -> 8 | D42: ='9'!D42 -> 144 | E42: ='9'!E42 -> 302399 | G42: ='9'!G42 -> WR | H42: ='9'!H42 -> 0 | I42: ='9'!I42 -> 0 | J42: ='9'!J42 -> 0 | K42: ='9'!K42 -> 0 | M42: ='9'!M42 -> WR | N42: ='9'!N42 -> 0 | O42: ='9'!O42 -> 0 | P42: ='9'!P42 -> 0 | Q42: ='9'!Q42 -> 0
A43: ='9'!A43 -> WR | B43: ='9'!B43 -> 0 | C43: ='9'!C43 -> 0 | D43: ='9'!D43 -> 0 | E43: ='9'!E43 -> 0 | G43: ='9'!G43 -> WR | H43: ='9'!H43 -> 0 | I43: ='9'!I43 -> 0 | J43: ='9'!J43 -> 0 | K43: ='9'!K43 -> 0 | M43: ='9'!M43 -> WR | N43: ='9'!N43 -> 0 | O43: ='9'!O43 -> 0 | P43: ='9'!P43 -> 0 | Q43: ='9'!Q43 -> 0
A44: ='9'!A44 -> WR | B44: ='9'!B44 -> 0 | C44: ='9'!C44 -> 0 | D44: ='9'!D44 -> 0 | E44: ='9'!E44 -> 0 | G44: ='9'!G44 -> WR | H44: ='9'!H44 -> 0 | I44: ='9'!I44 -> 0 | J44: ='9'!J44 -> 0 | K44: ='9'!K44 -> 0 | M44: ='9'!M44 -> WR | N44: ='9'!N44 -> 0 | O44: ='9'!O44 -> 0 | P44: ='9'!P44 -> 0 | Q44: ='9'!Q44 -> 0
A45: ='9'!A45 -> WR | B45: ='9'!B45 -> 0 | C45: ='9'!C45 -> 0 | D45: ='9'!D45 -> 0 | E45: ='9'!E45 -> 0 | G45: ='9'!G45 -> WR | H45: ='9'!H45 -> 0 | I45: ='9'!I45 -> 0 | J45: ='9'!J45 -> 0 | K45: ='9'!K45 -> 0 | M45: ='9'!M45 -> WR | N45: ='9'!N45 -> 0 | O45: ='9'!O45 -> 0 | P45: ='9'!P45 -> 0 | Q45: ='9'!Q45 -> 0
A46: ='9'!A46 -> WR | B46: ='9'!B46 -> 0 | C46: ='9'!C46 -> 0 | D46: ='9'!D46 -> 0 | E46: ='9'!E46 -> 0 | G46: ='9'!G46 -> WR | H46: ='9'!H46 -> 0 | I46: ='9'!I46 -> 0 | J46: ='9'!J46 -> 0 | K46: ='9'!K46 -> 0 | M46: ='9'!M46 -> WR | N46: ='9'!N46 -> 0 | O46: ='9'!O46 -> 0 | P46: ='9'!P46 -> 0 | Q46: ='9'!Q46 -> 0
A47: ='9'!A47 -> WR | B47: ='9'!B47 -> 0 | C47: ='9'!C47 -> 0 | D47: ='9'!D47 -> 0 | E47: ='9'!E47 -> 0 | G47: ='9'!G47 -> WR | H47: ='9'!H47 -> 0 | I47: ='9'!I47 -> 0 | J47: ='9'!J47 -> 0 | K47: ='9'!K47 -> 0 | M47: ='9'!M47 -> WR | N47: ='9'!N47 -> 0 | O47: ='9'!O47 -> 0 | P47: ='9'!P47 -> 0 | Q47: ='9'!Q47 -> 0
A48: ='9'!A48 -> WR | B48: ='9'!B48 -> 0 | C48: ='9'!C48 -> 0 | D48: ='9'!D48 -> 0 | E48: ='9'!E48 -> 0 | G48: ='9'!G48 -> WR | H48: ='9'!H48 -> 0 | I48: ='9'!I48 -> 0 | J48: ='9'!J48 -> 0 | K48: ='9'!K48 -> 0 | M48: ='9'!M48 -> WR | N48: ='9'!N48 -> 0 | O48: ='9'!O48 -> 0 | P48: ='9'!P48 -> 0 | Q48: ='9'!Q48 -> 0
A49: ='9'!A49 -> WR | B49: ='9'!B49 -> 0 | C49: ='9'!C49 -> 0 | D49: ='9'!D49 -> 0 | E49: ='9'!E49 -> 0 | G49: ='9'!G49 -> WR | H49: ='9'!H49 -> 0 | I49: ='9'!I49 -> 0 | J49: ='9'!J49 -> 0 | K49: ='9'!K49 -> 0 | M49: ='9'!M49 -> WR | N49: ='9'!N49 -> 0 | O49: ='9'!O49 -> 0 | P49: ='9'!P49 -> 0 | Q49: ='9'!Q49 -> 0
A50: =A1 -> TMS 4 | B50: =B1 -> WR | P50: Page | Q50: 2/2
A51: PRODUCTIVITY & OPERATION REPORT
A52: =A3 -> 46032 | L52: 5.5 - SWRY11, SWRCH22A, BjKR6, SAE1006
A53: Time | B53: Billet Rolled | C53: Cobble | D53: Details of Breakdown | J53: min | L53: Parameter | O53: Unit | P53: D | Q53: M-to-D | R53: TARGET | S53: JML | T53: HARI | U53: HARI
A54: Range | B54: (pcs) | R54: M-to-D | S54: HARI | T54: PRODUKSI | U54: STOP. PRD
A55: 07 - 08 | B55: 22 | D55: Chain hook conveyor mati. Close time out di B5 | J55: 3 | L55: Billet Rolled | O55: Kg | P55: =C16 -> 1109636 | Q55: =C26 -> 5198451 | S55: =DAY(A52) -> 10 | T55: =S55-U55 -> 5 | U55: ='9'!U55 -> 5
A56: 08 - 09 | B56: 24 | L56: A1+WIP | O56: Kg | P56: =K17 -> 1096712 | Q56: =K27 -> 5113512
A57: 09 - 10 | B57: 1 | D57: Maint. Ganti pass/TC ring #19 - #26 ; roll #13, #14, #16 ; entry box #8, #12 - #26(50) ; check section(5) | J57: 55 | L57: Yield | O57: % | P57: =L17 -> 0.98835294 | Q57: =L27 -> 0.98366071 | R57: 0.985
A58: 10 - 11 | B58: 24 | L58: Coble | O58: Kg | P58: =E16 -> 2119 | Q58: =E26 -> 23249
A59: 11 - 12 | B59: 17 | C59: 1 | D59: Coil overfin. Roller entry box #22 terganjal shaving | J59: 16 | O59: % | P59: =F16 -> 0.0019096352 | Q59: =F26 -> 0.0044722938 | R59: 0.0015
A60: 12 - 13 | B60: 21 | D60: Coil overfin. Roller entry box #22 terganjal shaving | J60: 8 | L60: 1. Working Time Available | O60: min | P60: 1440 | Q60: ='1'!Q60+'2'!P60+'3'!P60+'4'!P60+'5'!P60+'6'!P60+'7'!P60+'8'!P60+'9'!P60+'10'!P60 -> 14400
A61: 13 - 14 | B61: 25 | L61: 2. Planned Stoppage (a+b+c) | O61: min | P61: =SUM(P62:P64) -> 0 | Q61: ='1'!Q61+'2'!P61+'3'!P61+'4'!P61+'5'!P61+'6'!P61+'7'!P61+'8'!P61+'9'!P61+'10'!P61 -> 7200
A62: 14 - 15 | B62: 24 | L62: a. Shut Down | O62: min | P62: 0 | Q62: ='1'!Q62+'2'!P62+'3'!P62+'4'!P62+'5'!P62+'6'!P62+'7'!P62+'8'!P62+'9'!P62+'10'!P62 -> 7200
A63: 15 - 16 | B63: 24 | L63: b. Peak Hour | O63: min | P63: 0 | Q63: ='1'!Q63+'2'!P63+'3'!P63+'4'!P63+'5'!P63+'6'!P63+'7'!P63+'8'!P63+'9'!P63+'10'!P63 -> 0
A64: 16 - 17 | B64: 25 | L64: c. Others | O64: min | P64: 0 | Q64: ='1'!Q64+'2'!P64+'3'!P64+'4'!P64+'5'!P64+'6'!P64+'7'!P64+'8'!P64+'9'!P64+'10'!P64 -> 0 | S64: 4.1 Detail Cobble | V64: D | W64: M-to-D
A65: 17 - 18 | B65: 21 | D65: Grade change. Y.11 - 22.A(2) ; check visual coil(7) | J65: 9 | L65: 3. Delay Maintenance (a+b+c) | O65: min | P65: =SUM(P66:P68) -> 100 | Q65: ='1'!Q65+'2'!P65+'3'!P65+'4'!P65+'5'!P65+'6'!P65+'7'!P65+'8'!P65+'9'!P65+'10'!P65 -> 673 | S65: a. Operation | U65: Pcs | W65: =+'9'!W65+'10'!V65 -> 6
A66: 18 - 19 | B66: 25 | L66: a. Daily Maintenance | O66: min | P66: 0 | Q66: ='1'!Q66+'2'!P66+'3'!P66+'4'!P66+'5'!P66+'6'!P66+'7'!P66+'8'!P66+'9'!P66+'10'!P66 -> 0 | S66: b. Mechanical | U66: Pcs | W66: =+'9'!W66+'10'!V66 -> 4
A67: 19 - 20 | B67: 24 | L67: b. Section / Pass / Grade Change | O67: min | P67: 82 | Q67: ='1'!Q67+'2'!P67+'3'!P67+'4'!P67+'5'!P67+'6'!P67+'7'!P67+'8'!P67+'9'!P67+'10'!P67 -> 569 | S67: c. Electrical | U67: Pcs | W67: =+'9'!W67+'10'!V67 -> 0
A68: 20 - 21 | B68: 25 | L68: c. Section Setting | O68: min | P68: 18 | Q68: ='1'!Q68+'2'!P68+'3'!P68+'4'!P68+'5'!P68+'6'!P68+'7'!P68+'8'!P68+'9'!P68+'10'!P68 -> 104 | S68: d. Material / Billet Defect | U68: Pcs | V68: 1 | W68: =+'9'!W68+'10'!V68 -> 1
A69: 21 - 22 | B69: 17 | D69: Pump #1 fiter clogged(5) ; Maint. Ganti TC ring #25, #26 ; entry box #12 - #26(15) | J69: 20 | L69: 4. Break Down | O69: min | P69: =SUM(P70:P74) -> 36 | Q69: ='1'!Q69+'2'!P69+'3'!P69+'4'!P69+'5'!P69+'6'!P69+'7'!P69+'8'!P69+'9'!P69+'10'!P69 -> 489 | S69: e. Un-Controllable | U69: Pcs | W69: =+'9'!W69+'10'!V69 -> 0
A70: 22 - 23 | B70: 14 | D70: Maint. Ganti TC ring #25, #26 ; entry box #12 - #26(15) ; check section(6) | J70: 21 | L70: a. Operation | O70: min | P70: 4 | Q70: ='1'!Q70+'2'!P70+'3'!P70+'4'!P70+'5'!P70+'6'!P70+'7'!P70+'8'!P70+'9'!P70+'10'!P70 -> 217 | R70: =T55*30 -> 150
A71: 23 - 24 | B71: 25 | L71: b. Mechanical | O71: min | P71: 8 | Q71: ='1'!Q71+'2'!P71+'3'!P71+'4'!P71+'5'!P71+'6'!P71+'7'!P71+'8'!P71+'9'!P71+'10'!P71 -> 229 | R71: =T55*25 -> 125
A72: 24 - 01 | B72: 24 | L72: c. Electrical | O72: min | P72: 0 | Q72: ='1'!Q72+'2'!P72+'3'!P72+'4'!P72+'5'!P72+'6'!P72+'7'!P72+'8'!P72+'9'!P72+'10'!P72 -> 19 | R72: =T55*10 -> 50
A73: 01 - 02 | B73: 24 | L73: d. Material / Billet Defect | O73: min | P73: 24 | Q73: ='1'!Q73+'2'!P73+'3'!P73+'4'!P73+'5'!P73+'6'!P73+'7'!P73+'8'!P73+'9'!P73+'10'!P73 -> 24
A74: 02 - 03 | B74: 25 | L74: e. Un-Controllable | O74: min | P74: 0 | Q74: ='1'!Q74+'2'!P74+'3'!P74+'4'!P74+'5'!P74+'6'!P74+'7'!P74+'8'!P74+'9'!P74+'10'!P74 -> 0
A75: 03 - 04 | B75: 24 | L75: 5. Production Time Available (1-2) | O75: min | P75: =P60-P61 -> 1440 | Q75: ='1'!Q75+'2'!P75+'3'!P75+'4'!P75+'5'!P75+'6'!P75+'7'!P75+'8'!P75+'9'!P75+'10'!P75 -> 7200
A76: 04 - 05 | B76: 24 | L76: 6. Registered Delay (3+4) | O76: min | P76: =P65+P69 -> 136 | Q76: ='1'!Q76+'2'!P76+'3'!P76+'4'!P76+'5'!P76+'6'!P76+'7'!P76+'8'!P76+'9'!P76+'10'!P76 -> 1162
A77: 05 - 06 | B77: 21 | D77: Ganti entry box #16. roller bagian atas rusak | J77: 4 | L77: 7. Delay Counter | O77: min | P77: 136 | Q77: ='1'!Q77+'2'!P77+'3'!P77+'4'!P77+'5'!P77+'6'!P77+'7'!P77+'8'!P77+'9'!P77+'10'!P77 -> 1162
A78: 06 - 07 | B78: 24 | L78: 8. Slow Rolling (7-6) | O78: min | P78: =+P77-P76 -> 0 | Q78: ='1'!Q78+'2'!P78+'3'!P78+'4'!P78+'5'!P78+'6'!P78+'7'!P78+'8'!P78+'9'!P78+'10'!P78 -> 0
B79: =SUM(B55:B78) -> 524 | C79: =SUM(C55:C78) -> 1 | J79: =SUM(J55:J78) -> 136 | L79: 9. Effective Production Time (5-6-8) | O79: min | P79: =+P75-P76-P78 -> 1304 | Q79: ='1'!Q79+'2'!P79+'3'!P79+'4'!P79+'5'!P79+'6'!P79+'7'!P79+'8'!P79+'9'!P79+'10'!P79 -> 6038
L80: 10. a. Nett Utilization (9/5) | O80: % | P80: =P79/P75 -> 0.90555556 | Q80: =Q79/Q75 -> 0.83861111 | R80: 0.86
A81: NOTES | L81: b. Gross Utilization (9/1) | O81: % | P81: =P79/P60 -> 0.90555556 | Q81: =Q79/Q60 -> 0.41930556
L82: 11. a. Nett Rolling Rate (Billet / (9)) | O82: MT/hour | P82: =(C16/1000)/(P79/60) -> 51.056871 | Q82: =(C26/1000)/(Q79/60) -> 51.657347
L83: b. Gross Rolling Rate (Billet / (5)) | O83: MT/hour | P83: =(C16/1000)/(P75/60) -> 46.234833 | Q83: =(C26/1000)/(Q75/60) -> 43.320425
L84: 12. Gas Consumption | O84: Nmc | P84: 35307 | Q84: ='1'!Q84+'2'!P84+'3'!P84+'4'!P84+'5'!P84+'6'!P84+'7'!P84+'8'!P84+'9'!P84+'10'!P84 -> 179722
O85: Nmc/ T | P85: =P84/(K17/1000) -> 32.193502 | Q85: =Q84/(K27/1000) -> 35.14649
L86: 13. Electricity Consumption | O86: MWH | P86: 214.09 | Q86: ='1'!Q86+'2'!P86+'3'!P86+'4'!P86+'5'!P86+'6'!P86+'7'!P86+'8'!P86+'9'!P86+'10'!P86 -> 1034.49
O87: KWH / T | P87: =(P86*1000)/(K16/1000) -> 196.67393 | Q87: =(Q86*1000)/(K26/1000) -> 203.42885
L88: 14. Water Consumption | O88: M3 | P88: 81 | Q88: ='1'!Q88+'2'!P88+'3'!P88+'4'!P88+'5'!P88+'6'!P88+'7'!P88+'8'!P88+'9'!P88+'10'!P88 -> 889
O89: M3 / Ton | P89: =P88/(K16/1000) -> 0.074410709 | Q89: =Q88/(K26/1000) -> 0.17481875
N91: SM | P91: GM

Sheet 11
A1: TMS 4 | B1: WR | P1: Page | Q1: 1/2
A2: DAILY PRODUCTION REPORT
A3: ='10'!A3:Q3+1 -> 46033
A4: BILLET | G4: PRODUCT
A5: Rolled | D5: Cobble | G5: A1 | M5: WIP
A6: ID | B6: Pc | C6: Kg | D6: Pc | E6: Kg | F6: % | G6: Type | H6: Section | I6: Grade | J6: Coil | K6: Kg | L6: Yield | M6: Coil | N6: Kg
A7: 5KX-06 | B7: 34 | C7: 72046 | G7: WR | H7: 5.5 | I7: Bj KR 6 | J7: 34 | K7: 71317 | L7: =K7/C7 -> 0.98988146
A8: 5KX-06 | B8: 1 | C8: 2119 | G8: WR | H8: 5.5 | I8: SAE 1006 | J8: 1 | K8: 2088 | L8: =K8/C8 -> 0.98537046
A9: 5LX-03 | B9: 144 | C9: 305424 | D9: 1 | E9: 2121 | F9: =E9/C9 -> 0.0069444444 | G9: WR | H9: 5.5 | I9: Bj KR 8 | J9: 143 | K9: 299522 | L9: =K9/C9 -> 0.98067604
A10: 4KX-07 | B10: 23 | C10: 48921 | D10: 1 | E10: 2127 | F10: =E10/C10 -> 0.043478261 | G10: WR | H10: 5.5 | I10: SWRCH8A | J10: 22 | K10: 46124 | L10: =K10/C10 -> 0.94282619
A11: 4LX-04 | B11: 5 | C11: 10625 | G11: WR | H11: 5.5 | I11: SWRCH8A | J11: 5 | K11: 10450 | L11: =K11/C11 -> 0.98352941
A12: 5KX-01 | B12: 144 | C12: 307008 | G12: WR | H12: 5.5 | I12: Bj KT 67B | J12: 144 | K12: 304535 | L12: =K12/C12 -> 0.99194484
A13: 3HX-13 | B13: 48 | C13: 102336 | G13: WR | H13: 5.5 | I13: Bj KT 67A | J13: 48 | K13: 101334 | L13: =K13/C13 -> 0.99020872
A14: 5GX-01 | B14: 48 | C14: 101232 | G14: BIC | H14: P.8 | I14: BjTPG280 | J14: 48 | K14: 99568 | L14: =K14/C14 -> 0.98356251
A15: 5GX-01 | B15: 3 | C15: 6327 | G15: BIC | H15: P.10 | I15: BjTPG280 | J15: 3 | K15: 6180 | L15: =K15/C15 -> 0.97676624
B16: =SUM(B7:B15) -> 450 | C16: =SUM(C7:C15) -> 956038 | D16: =SUM(D7:D15) -> 2 | E16: =SUM(E7:E15) -> 4248 | F16: =E16/C16 -> 0.004443338 | J16: =SUM(J7:J15) -> 448 | K16: =SUM(K7:K15) -> 941118 | L16: =K16/C16 -> 0.98439393 | M16: =SUM(M7:M15) -> 0 | N16: =SUM(N7:N15) -> 0
A17: Total Production A1 + WIP | K17: =K16+N16 -> 941118 | L17: =K17/C16 -> 0.98439393
A18: MONTH-TO-DATE
A19: BILLET | G19: PRODUCT
A20: Rolled | D20: Cobble | G20: A1 | M20: WIP
B21: Pc | C21: Kg | D21: Pc | E21: Kg | F21: % | G21: Type | J21: Coil | K21: Kg | L21: Yield | M21: Coil | N21: Kg
B22: ='10'!B22+B7+B8+B9+B10+B11+B12+B13 -> 2084 | C22: ='10'!C22+C7+C8+C9+C10+C11+C12+C13 -> 4417738 | D22: ='10'!D22+D7+D8+D9+D10+D11+D12+D13 -> 8 | E22: ='10'!E22+E7+E8+E9+E10+E11+E12+E13 -> 16952 | F22: =E22/C22 -> 0.0038372579 | G22: WR | J22: ='10'!J22+J7+J8+J9+J10+J11+J12+J13 -> 2066 | K22: ='10'!K22+K7+K8+K9+K10+K11+K12+K13 -> 4332507 | L22: =K22/C22 -> 0.98070709 | M22: ='10'!M22+M7+M8+M9+M10+M11+M12+M13 -> 10 | N22: ='10'!N22+N7+N8+N9+N10+N11+N12+N13 -> 20583
B23: ='10'!B23+B14+B15 -> 827 | C23: ='10'!C23+C14+C15 -> 1736751 | D23: ='10'!D23+D14+D15 -> 5 | E23: ='10'!E23+E14+E15 -> 10545 | F23: =E23/C23 -> 0.0060716821 | G23: BIC | J23: ='10'!J23+J14+J15 -> 818 | K23: ='10'!K23+K14+K15 -> 1693878 | L23: =K23/C23 -> 0.97531425 | M23: ='10'!M23+M14+M15 -> 4 | N23: ='10'!N23+N14+N15 -> 7662
B24: ='10'!B24 -> 0 | C24: ='10'!C24 -> 0 | D24: ='10'!D24 -> 0 | E24: ='10'!E24 -> 0 | F24: =E24/C24 -> #DIV/0! | G24: MIC | J24: ='10'!J24 -> 0 | K24: ='10'!K24 -> 0 | L24: =K24/C24 -> #DIV/0! | M24: ='10'!M24 -> 0 | N24: ='10'!N24 -> 0
B26: =SUM(B21:B25) -> 2911 | C26: =SUM(C21:C25) -> 6154489 | D26: =SUM(D21:D25) -> 13 | E26: =SUM(E22:E25) -> 27497 | F26: =E26/C26 -> 0.0044677958 | J26: =SUM(J22:J25) -> 2884 | K26: =SUM(K22:K25) -> 6026385 | L26: =K26/C26 -> 0.97918527 | M26: =SUM(M22:M25) -> 14 | N26: =SUM(N22:N25) -> 28245
A27: Total Production A1 + WIP | K27: =K26+N26 -> 6054630 | L27: =K27/C26 -> 0.98377461
A29: Type | B29: Section | C29: Grade | D29: Coil | E29: Kg | G29: Type | H29: Section | I29: Grade | J29: Coil | K29: Kg | M29: Type | N29: Section | O29: Grade | P29: Coil | Q29: Kg
A30: ='10'!A30 -> BIC | B30: ='10'!B30 -> P.6 | C30: ='10'!C30 -> BjTPG280 | D30: ='10'!D30 -> 239 | E30: ='10'!E30 -> 497038 | G30: ='10'!G30 -> WR | H30: ='10'!H30 -> 0 | I30: ='10'!I30 -> 0 | J30: ='10'!J30 -> 0 | K30: ='10'!K30 -> 0 | M30: ='10'!M30 -> WR | N30: ='10'!N30 -> 0 | O30: ='10'!O30 -> 0 | P30: ='10'!P30 -> 0 | Q30: ='10'!Q30 -> 0
A31: ='10'!A31 -> WR | B31: ='10'!B31 -> 6.5 | C31: ='10'!C31 -> 8 | D31: ='10'!D31 -> 144 | E31: ='10'!E31 -> 301505 | G31: ='10'!G31 -> WR | H31: ='10'!H31 -> 0 | I31: ='10'!I31 -> 0 | J31: ='10'!J31 -> 0 | K31: ='10'!K31 -> 0 | M31: ='10'!M31 -> WR | N31: ='10'!N31 -> 0 | O31: ='10'!O31 -> 0 | P31: ='10'!P31 -> 0 | Q31: ='10'!Q31 -> 0
A32: ='10'!A32 -> WR | B32: ='10'!B32 -> 6.5 | C32: ='10'!C32 -> 10 | D32: ='10'!D32 -> 48 | E32: ='10'!E32 -> 99149 | G32: ='10'!G32 -> WR | H32: ='10'!H32 -> 0 | I32: ='10'!I32 -> 0 | J32: ='10'!J32 -> 0 | K32: ='10'!K32 -> 0 | M32: ='10'!M32 -> WR | N32: ='10'!N32 -> 0 | O32: ='10'!O32 -> 0 | P32: ='10'!P32 -> 0 | Q32: ='10'!Q32 -> 0
A33: ='10'!A33 -> WR | B33: ='10'!B33 -> 6.5 | C33: ='10'!C33 -> 15 | D33: ='10'!D33 -> 6 | E33: ='10'!E33 -> 12304 | G33: ='10'!G33 -> WR | H33: ='10'!H33 -> 0 | I33: ='10'!I33 -> 0 | J33: ='10'!J33 -> 0 | K33: ='10'!K33 -> 0 | M33: ='10'!M33 -> WR | N33: ='10'!N33 -> 0 | O33: ='10'!O33 -> 0 | P33: ='10'!P33 -> 0 | Q33: ='10'!Q33 -> 0
A34: ='10'!A34 -> WR | B34: ='10'!B34 -> 5.5 | C34: ='10'!C34 -> 6 | D34: ='10'!D34+J7+J8 -> 480 | E34: ='10'!E34+K7+K8 -> 1007562 | G34: ='10'!G34 -> WR | H34: ='10'!H34 -> 0 | I34: ='10'!I34 -> 0 | J34: ='10'!J34 -> 0 | K34: ='10'!K34 -> 0 | M34: ='10'!M34 -> WR | N34: ='10'!N34 -> 0 | O34: ='10'!O34 -> 0 | P34: ='10'!P34 -> 0 | Q34: ='10'!Q34 -> 0
A35: ='10'!A35 -> WR | B35: ='10'!B35 -> 5.5 | C35: ='10'!C35 -> 8.A | D35: ='10'!D35+J10+J11 -> 75 | E35: ='10'!E35+K10+K11 -> 157414 | G35: ='10'!G35 -> WR | H35: ='10'!H35 -> 0 | I35: ='10'!I35 -> 0 | J35: ='10'!J35 -> 0 | K35: ='10'!K35 -> 0 | M35: ='10'!M35 -> WR | N35: ='10'!N35 -> 0 | O35: ='10'!O35 -> 0 | P35: ='10'!P35 -> 0 | Q35: ='10'!Q35 -> 0
A36: ='10'!A36 -> WR | B36: ='10'!B36 -> 5.5 | C36: ='10'!C36 -> 22.A | D36: ='10'!D36 -> 284 | E36: ='10'!E36 -> 593345 | G36: ='10'!G36 -> WR | H36: ='10'!H36 -> 0 | I36: ='10'!I36 -> 0 | J36: ='10'!J36 -> 0 | K36: ='10'!K36 -> 0 | M36: ='10'!M36 -> WR | N36: ='10'!N36 -> 0 | O36: ='10'!O36 -> 0 | P36: ='10'!P36 -> 0 | Q36: ='10'!Q36 -> 0
A37: ='10'!A37 -> WR | B37: ='10'!B37 -> 5.5 | C37: ='10'!C37 -> Y.11 | D37: ='10'!D37 -> 526 | E37: ='10'!E37 -> 1102590 | G37: ='10'!G37 -> WR | H37: ='10'!H37 -> 0 | I37: ='10'!I37 -> 0 | J37: ='10'!J37 -> 0 | K37: ='10'!K37 -> 0 | M37: ='10'!M37 -> WR | N37: ='10'!N37 -> 0 | O37: ='10'!O37 -> 0 | P37: ='10'!P37 -> 0 | Q37: ='10'!Q37 -> 0
A38: ='10'!A38 -> WR | B38: ='10'!B38 -> 5.5 | C38: ='10'!C38 -> 67.A | D38: ='10'!D38+J13 -> 72 | E38: ='10'!E38+K13 -> 152182 | G38: ='10'!G38 -> WR | H38: ='10'!H38 -> 0 | I38: ='10'!I38 -> 0 | J38: ='10'!J38 -> 0 | K38: ='10'!K38 -> 0 | M38: ='10'!M38 -> WR | N38: ='10'!N38 -> 0 | O38: ='10'!O38 -> 0 | P38: ='10'!P38 -> 0 | Q38: ='10'!Q38 -> 0
A39: ='10'!A39 -> BIC | B39: ='10'!B39 -> P.8 | C39: ='10'!C39 -> BjTPG280 | D39: ='10'!D39+J14 -> 240 | E39: ='10'!E39+K14 -> 499780 | G39: ='10'!G39 -> WR | H39: ='10'!H39 -> 0 | I39: ='10'!I39 -> 0 | J39: ='10'!J39 -> 0 | K39: ='10'!K39 -> 0 | M39: ='10'!M39 -> WR | N39: ='10'!N39 -> 0 | O39: ='10'!O39 -> 0 | P39: ='10'!P39 -> 0 | Q39: ='10'!Q39 -> 0
A40: ='10'!A40 -> BIC | B40: ='10'!B40 -> S.8 | C40: ='10'!C40 -> BjTSG420 | D40: ='10'!D40 -> 192 | E40: ='10'!E40 -> 395038 | G40: ='10'!G40 -> WR | H40: ='10'!H40 -> 0 | I40: ='10'!I40 -> 0 | J40: ='10'!J40 -> 0 | K40: ='10'!K40 -> 0 | M40: ='10'!M40 -> WR | N40: ='10'!N40 -> 0 | O40: ='10'!O40 -> 0 | P40: ='10'!P40 -> 0 | Q40: ='10'!Q40 -> 0
A41: ='10'!A41 -> BIC | B41: ='10'!B41 -> S.10 | C41: ='10'!C41 -> BjTSG420 | D41: ='10'!D41 -> 144 | E41: ='10'!E41 -> 295842 | G41: ='10'!G41 -> WR | H41: ='10'!H41 -> 0 | I41: ='10'!I41 -> 0 | J41: ='10'!J41 -> 0 | K41: ='10'!K41 -> 0 | M41: ='10'!M41 -> WR | N41: ='10'!N41 -> 0 | O41: ='10'!O41 -> 0 | P41: ='10'!P41 -> 0 | Q41: ='10'!Q41 -> 0
A42: ='10'!A42 -> WR | B42: ='10'!B42 -> 5.5 | C42: ='10'!C42 -> 8 | D42: ='10'!D42+J9 -> 287 | E42: ='10'!E42+K9 -> 601921 | G42: ='10'!G42 -> WR | H42: ='10'!H42 -> 0 | I42: ='10'!I42 -> 0 | J42: ='10'!J42 -> 0 | K42: ='10'!K42 -> 0 | M42: ='10'!M42 -> WR | N42: ='10'!N42 -> 0 | O42: ='10'!O42 -> 0 | P42: ='10'!P42 -> 0 | Q42: ='10'!Q42 -> 0
A43: ='10'!A43 -> WR | B43: 5.5 | C43: 67.B | D43: =J12 -> 144 | E43: =K12 -> 304535 | G43: ='10'!G43 -> WR | H43: ='10'!H43 -> 0 | I43: ='10'!I43 -> 0 | J43: ='10'!J43 -> 0 | K43: ='10'!K43 -> 0 | M43: ='10'!M43 -> WR | N43: ='10'!N43 -> 0 | O43: ='10'!O43 -> 0 | P43: ='10'!P43 -> 0 | Q43: ='10'!Q43 -> 0
A44: BIC | B44: P.10 | C44: BjTPG280 | D44: =J15 -> 3 | E44: =K15 -> 6180 | G44: ='10'!G44 -> WR | H44: ='10'!H44 -> 0 | I44: ='10'!I44 -> 0 | J44: ='10'!J44 -> 0 | K44: ='10'!K44 -> 0 | M44: ='10'!M44 -> WR | N44: ='10'!N44 -> 0 | O44: ='10'!O44 -> 0 | P44: ='10'!P44 -> 0 | Q44: ='10'!Q44 -> 0
A45: ='10'!A45 -> WR | B45: ='10'!B45 -> 0 | C45: ='10'!C45 -> 0 | D45: ='10'!D45 -> 0 | E45: ='10'!E45 -> 0 | G45: ='10'!G45 -> WR | H45: ='10'!H45 -> 0 | I45: ='10'!I45 -> 0 | J45: ='10'!J45 -> 0 | K45: ='10'!K45 -> 0 | M45: ='10'!M45 -> WR | N45: ='10'!N45 -> 0 | O45: ='10'!O45 -> 0 | P45: ='10'!P45 -> 0 | Q45: ='10'!Q45 -> 0
A46: ='10'!A46 -> WR | B46: ='10'!B46 -> 0 | C46: ='10'!C46 -> 0 | D46: ='10'!D46 -> 0 | E46: ='10'!E46 -> 0 | G46: ='10'!G46 -> WR | H46: ='10'!H46 -> 0 | I46: ='10'!I46 -> 0 | J46: ='10'!J46 -> 0 | K46: ='10'!K46 -> 0 | M46: ='10'!M46 -> WR | N46: ='10'!N46 -> 0 | O46: ='10'!O46 -> 0 | P46: ='10'!P46 -> 0 | Q46: ='10'!Q46 -> 0
A47: ='10'!A47 -> WR | B47: ='10'!B47 -> 0 | C47: ='10'!C47 -> 0 | D47: ='10'!D47 -> 0 | E47: ='10'!E47 -> 0 | G47: ='10'!G47 -> WR | H47: ='10'!H47 -> 0 | I47: ='10'!I47 -> 0 | J47: ='10'!J47 -> 0 | K47: ='10'!K47 -> 0 | M47: ='10'!M47 -> WR | N47: ='10'!N47 -> 0 | O47: ='10'!O47 -> 0 | P47: ='10'!P47 -> 0 | Q47: ='10'!Q47 -> 0
A48: ='10'!A48 -> WR | B48: ='10'!B48 -> 0 | C48: ='10'!C48 -> 0 | D48: ='10'!D48 -> 0 | E48: ='10'!E48 -> 0 | G48: ='10'!G48 -> WR | H48: ='10'!H48 -> 0 | I48: ='10'!I48 -> 0 | J48: ='10'!J48 -> 0 | K48: ='10'!K48 -> 0 | M48: ='10'!M48 -> WR | N48: ='10'!N48 -> 0 | O48: ='10'!O48 -> 0 | P48: ='10'!P48 -> 0 | Q48: ='10'!Q48 -> 0
A49: ='10'!A49 -> WR | B49: ='10'!B49 -> 0 | C49: ='10'!C49 -> 0 | D49: ='10'!D49 -> 0 | E49: ='10'!E49 -> 0 | G49: ='10'!G49 -> WR | H49: ='10'!H49 -> 0 | I49: ='10'!I49 -> 0 | J49: ='10'!J49 -> 0 | K49: ='10'!K49 -> 0 | M49: ='10'!M49 -> WR | N49: ='10'!N49 -> 0 | O49: ='10'!O49 -> 0 | P49: ='10'!P49 -> 0 | Q49: ='10'!Q49 -> 0
A50: =A1 -> TMS 4 | B50: =B1 -> WR | P50: Page | Q50: 2/2
A51: PRODUCTIVITY & OPERATION REPORT
A52: =A3 -> 46033 | L52: 5.5 - BjKR6, 8, SWRCH8A, BjKT67B, 67A ; P.8 - BjTPG280 ; P.10 BjTPG280
A53: Time | B53: Billet Rolled | C53: Cobble | D53: Details of Breakdown | J53: min | L53: Parameter | O53: Unit | P53: D | Q53: M-to-D | R53: TARGET | S53: JML | T53: HARI | U53: HARI
A54: Range | B54: (pcs) | R54: M-to-D | S54: HARI | T54: PRODUKSI | U54: STOP. PRD
A55: 07 - 08 | B55: 22 | D55: Delivery #8 kendor | J55: 3 | L55: Billet Rolled | O55: Kg | P55: =C16 -> 956038 | Q55: =C26 -> 6154489 | S55: =DAY(A52) -> 11 | T55: =S55-U55 -> 6 | U55: ='10'!U55 -> 5
A56: 08 - 09 | B56: 17 | C56: 1 | D56: Kepala material bengkok dan tidak masuk entry #16(6) ; Maint. Ganti pass/TC ring #22 - #26(8) | J56: 14 | L56: A1+WIP | O56: Kg | P56: =K17 -> 941118 | Q56: =K27 -> 6054630
A57: 09 - 10 | B57: 1 | D57: Ganti roll #11 - #16 ; entry box #12 - #26(52) ; check section(3) | J57: 55 | L57: Yield | O57: % | P57: =L17 -> 0.98439393 | Q57: =L27 -> 0.98377461 | R57: 0.985
A58: 10 - 11 | B58: 25 | L58: Coble | O58: Kg | P58: =E16 -> 4248 | Q58: =E26 -> 27497
A59: 11 - 12 | B59: 24 | O59: % | P59: =F16 -> 0.004443338 | Q59: =F26 -> 0.0044677958 | R59: 0.0015
A60: 12 - 13 | B60: 25 | L60: 1. Working Time Available | O60: min | P60: 1440 | Q60: ='1'!Q60+'2'!P60+'3'!P60+'4'!P60+'5'!P60+'6'!P60+'7'!P60+'8'!P60+'9'!P60+'10'!P60+'11'!P60 -> 15840
A61: 13 - 14 | B61: 25 | L61: 2. Planned Stoppage (a+b+c) | O61: min | P61: =SUM(P62:P64) -> 0 | Q61: ='1'!Q61+'2'!P61+'3'!P61+'4'!P61+'5'!P61+'6'!P61+'7'!P61+'8'!P61+'9'!P61+'10'!P61+'11'!P61 -> 7200
A62: 14 - 15 | B62: 25 | L62: a. Shut Down | O62: min | P62: 0 | Q62: ='1'!Q62+'2'!P62+'3'!P62+'4'!P62+'5'!P62+'6'!P62+'7'!P62+'8'!P62+'9'!P62+'10'!P62+'11'!P62 -> 7200
A63: 15 - 16 | B63: 19 | C63: 1 | D63: Grade change. 1008 - CHQ 8.A(1) ; check visual coil(5) ; Ekor coil tersangkut di flaper TFH(4) | J63: 10 | L63: b. Peak Hour | O63: min | P63: 0 | Q63: ='1'!Q63+'2'!P63+'3'!P63+'4'!P63+'5'!P63+'6'!P63+'7'!P63+'8'!P63+'9'!P63+'10'!P63+'11'!P63 -> 0
A64: 16 - 17 | B64: 18 | D64: Ekor coil tersangkut di flaper TFH. Flaper lepas tidak ada stoper | J64: 13 | L64: c. Others | O64: min | P64: 0 | Q64: ='1'!Q64+'2'!P64+'3'!P64+'4'!P64+'5'!P64+'6'!P64+'7'!P64+'8'!P64+'9'!P64+'10'!P64+'11'!P64 -> 0 | S64: 4.1 Detail Cobble | V64: D | W64: M-to-D
A65: 17 - 18 | B65: 20 | D65: Grade change. CHQ 8.A - 67.B(1) ; check visual coil(5) | J65: 6 | L65: 3. Delay Maintenance (a+b+c) | O65: min | P65: =SUM(P66:P68) -> 254 | Q65: ='1'!Q65+'2'!P65+'3'!P65+'4'!P65+'5'!P65+'6'!P65+'7'!P65+'8'!P65+'9'!P65+'10'!P65+'11'!P65 -> 927 | S65: a. Operation | U65: Pcs | V65: 1 | W65: =+'10'!W65+'11'!V65 -> 7
A66: 18 - 19 | B66: 23 | L66: a. Daily Maintenance | O66: min | P66: 0 | Q66: ='1'!Q66+'2'!P66+'3'!P66+'4'!P66+'5'!P66+'6'!P66+'7'!P66+'8'!P66+'9'!P66+'10'!P66+'11'!P66 -> 0 | S66: b. Mechanical | U66: Pcs | V66: 1 | W66: =+'10'!W66+'11'!V66 -> 5
A67: 19 - 20 | B67: 23 | L67: b. Section / Pass / Grade Change | O67: min | P67: 231 | Q67: ='1'!Q67+'2'!P67+'3'!P67+'4'!P67+'5'!P67+'6'!P67+'7'!P67+'8'!P67+'9'!P67+'10'!P67+'11'!P67 -> 800 | S67: c. Electrical | U67: Pcs | W67: =+'10'!W67+'11'!V67 -> 0
A68: 20 - 21 | B68: 20 | D68: Maint. Ganti pass #21, #22 | J68: 8 | L68: c. Section Setting | O68: min | P68: 23 | Q68: ='1'!Q68+'2'!P68+'3'!P68+'4'!P68+'5'!P68+'6'!P68+'7'!P68+'8'!P68+'9'!P68+'10'!P68+'11'!P68 -> 127 | S68: d. Material / Billet Defect | U68: Pcs | W68: =+'10'!W68+'11'!V68 -> 1
A69: 21 - 22 | B69: 9 | D69: Ganti TC ring #25, #26 ; entry box #12 - #26(32) ; Check section(2) | J69: 34 | L69: 4. Break Down | O69: min | P69: =SUM(P70:P74) -> 40 | Q69: ='1'!Q69+'2'!P69+'3'!P69+'4'!P69+'5'!P69+'6'!P69+'7'!P69+'8'!P69+'9'!P69+'10'!P69+'11'!P69 -> 529 | S69: e. Un-Controllable | U69: Pcs | W69: =+'10'!W69+'11'!V69 -> 0
A70: 22 - 23 | B70: 23 | L70: a. Operation | O70: min | P70: 18 | Q70: ='1'!Q70+'2'!P70+'3'!P70+'4'!P70+'5'!P70+'6'!P70+'7'!P70+'8'!P70+'9'!P70+'10'!P70+'11'!P70 -> 235 | R70: =T55*30 -> 180
A71: 23 - 24 | B71: 18 | D71: Plate limit hook melipat dan menabrak pin arm saat masuk jalur parkir | J71: 14 | L71: b. Mechanical | O71: min | P71: 22 | Q71: ='1'!Q71+'2'!P71+'3'!P71+'4'!P71+'5'!P71+'6'!P71+'7'!P71+'8'!P71+'9'!P71+'10'!P71+'11'!P71 -> 251 | R71: =T55*25 -> 150
A72: 24 - 01 | B72: 23 | D72: Grade change. 67.B - 67.A | J72: 1 | L72: c. Electrical | O72: min | P72: 0 | Q72: ='1'!Q72+'2'!P72+'3'!P72+'4'!P72+'5'!P72+'6'!P72+'7'!P72+'8'!P72+'9'!P72+'10'!P72+'11'!P72 -> 19 | R72: =T55*10 -> 60
A73: 01 - 02 | B73: 23 | L73: d. Material / Billet Defect | O73: min | P73: 0 | Q73: ='1'!Q73+'2'!P73+'3'!P73+'4'!P73+'5'!P73+'6'!P73+'7'!P73+'8'!P73+'9'!P73+'10'!P73+'11'!P73 -> 24
A74: 02 - 03 | B74: 17 | D74: Grade change. 67.A - 8.A(1) ; Ganti section. 5.5 - P.8(14) | J74: 15 | L74: e. Un-Controllable | O74: min | P74: 0 | Q74: ='1'!Q74+'2'!P74+'3'!P74+'4'!P74+'5'!P74+'6'!P74+'7'!P74+'8'!P74+'9'!P74+'10'!P74+'11'!P74 -> 0
A75: 03 - 04 | B75: 0 | D75: Ganti section. 5.5 - P.8 | J75: 60 | L75: 5. Production Time Available (1-2) | O75: min | P75: =P60-P61 -> 1440 | Q75: ='1'!Q75+'2'!P75+'3'!P75+'4'!P75+'5'!P75+'6'!P75+'7'!P75+'8'!P75+'9'!P75+'10'!P75+'11'!P75 -> 8640
A76: 04 - 05 | B76: 21 | D76: Ganti section. 5.5 - P.8(3) ; check section(5) | J76: 8 | L76: 6. Registered Delay (3+4) | O76: min | P76: =P65+P69 -> 294 | Q76: ='1'!Q76+'2'!P76+'3'!P76+'4'!P76+'5'!P76+'6'!P76+'7'!P76+'8'!P76+'9'!P76+'10'!P76+'11'!P76 -> 1456
A77: 05 - 06 | B77: 27 | L77: 7. Delay Counter | O77: min | P77: 295 | Q77: ='1'!Q77+'2'!P77+'3'!P77+'4'!P77+'5'!P77+'6'!P77+'7'!P77+'8'!P77+'9'!P77+'10'!P77+'11'!P77 -> 1457
A78: 06 - 07 | B78: 3 | D78: Ganti section. P.8 - P.10(50) ; check section(3) | J78: 53 | L78: 8. Slow Rolling (7-6) | O78: min | P78: =+P77-P76 -> 1 | Q78: ='1'!Q78+'2'!P78+'3'!P78+'4'!P78+'5'!P78+'6'!P78+'7'!P78+'8'!P78+'9'!P78+'10'!P78+'11'!P78 -> 1
B79: =SUM(B55:B78) -> 451 | C79: =SUM(C55:C78) -> 2 | J79: =SUM(J55:J78) -> 294 | L79: 9. Effective Production Time (5-6-8) | O79: min | P79: =+P75-P76-P78 -> 1145 | Q79: ='1'!Q79+'2'!P79+'3'!P79+'4'!P79+'5'!P79+'6'!P79+'7'!P79+'8'!P79+'9'!P79+'10'!P79+'11'!P79 -> 7183
L80: 10. a. Nett Utilization (9/5) | O80: % | P80: =P79/P75 -> 0.79513889 | Q80: =Q79/Q75 -> 0.83136574 | R80: 0.86
A81: NOTES | L81: b. Gross Utilization (9/1) | O81: % | P81: =P79/P60 -> 0.79513889 | Q81: =Q79/Q60 -> 0.45347222
L82: 11. a. Nett Rolling Rate (Billet / (9)) | O82: MT/hour | P82: =(C16/1000)/(P79/60) -> 50.098061 | Q82: =(C26/1000)/(Q79/60) -> 51.40879
L83: b. Gross Rolling Rate (Billet / (5)) | O83: MT/hour | P83: =(C16/1000)/(P75/60) -> 39.834917 | Q83: =(C26/1000)/(Q75/60) -> 42.739507
L84: 12. Gas Consumption | O84: Nmc | P84: 32304 | Q84: ='1'!Q84+'2'!P84+'3'!P84+'4'!P84+'5'!P84+'6'!P84+'7'!P84+'8'!P84+'9'!P84+'10'!P84+'11'!P84 -> 212026
O85: Nmc/ T | P85: =P84/(K17/1000) -> 34.325132 | Q85: =Q84/(K27/1000) -> 35.01882
L86: 13. Electricity Consumption | O86: MWH | P86: 192.86 | Q86: ='1'!Q86+'2'!P86+'3'!P86+'4'!P86+'5'!P86+'6'!P86+'7'!P86+'8'!P86+'9'!P86+'10'!P86+'11'!P86 -> 1227.35
O87: KWH / T | P87: =(P86*1000)/(K16/1000) -> 204.92648 | Q87: =(Q86*1000)/(K26/1000) -> 203.66273
L88: 14. Water Consumption | O88: M3 | P88: 69 | Q88: ='1'!Q88+'2'!P88+'3'!P88+'4'!P88+'5'!P88+'6'!P88+'7'!P88+'8'!P88+'9'!P88+'10'!P88+'11'!P88 -> 958
O89: M3 / Ton | P89: =P88/(K16/1000) -> 0.073317055 | Q89: =Q88/(K26/1000) -> 0.15896761
N91: SM | P91: GM

Sheet 12
A1: TMS 4 | B1: WR | P1: Page | Q1: 1/2
A2: DAILY PRODUCTION REPORT
A3: ='11'!A3:Q3+1 -> 46034
A4: BILLET | G4: PRODUCT
A5: Rolled | D5: Cobble | G5: A1 | M5: WIP
A6: ID | B6: Pc | C6: Kg | D6: Pc | E6: Kg | F6: % | G6: Type | H6: Section | I6: Grade | J6: Coil | K6: Kg | L6: Yield | M6: Coil | N6: Kg
A7: 5GX-01 | B7: 141 | C7: 297369 | G7: BIC | H7: P.10 | I7: BjTPG280 | J7: 141 | K7: 293750 | L7: =K7/C7 -> 0.98782994
A8: 5LL-001 | B8: 102 | C8: 212874 | G8: BIC | H8: S.8 | I8: BjTSG420 | J8: 102 | K8: 209377 | L8: =K8/C8 -> 0.98357244
A9: 5KL-001 | B9: 38 | C9: 79344 | D9: 1 | E9: 2088 | F9: =E9/C9 -> 0.026315789 | G9: BIC | H9: S.8 | I9: BjTSG420 | J9: 37 | K9: 76075 | L9: =K9/C9 -> 0.95879966
A10: 5JL-001 | B10: 4 | C10: 8336 | G10: BIC | H10: S.8 | I10: BjTSG420 | J10: 4 | K10: 8231 | L10: =K10/C10 -> 0.98740403
A11: 5KL-001 | B11: 21 | C11: 43848 | G11: BIC | H11: S.6 | I11: BjTSG420 | J11: 21 | K11: 42920 | L11: =K11/C11 -> 0.97883598
A12: 5LL-001 | B12: 27 | C12: 56349 | G12: BIC | H12: S.6 | I12: BjTSG420 | J12: 27 | K12: 55484 | L12: =K12/C12 -> 0.98464924
A13: 5LX-03 | B13: 96 | C13: 203616 | G13: WR | H13: 17 | I13: Bj KR 8 | J13: 91 | K13: 188048 | L13: =K13/C13 -> 0.92354235 | M13: 5 | N13: 10230
G14: WR | L14: =K14/C14 -> #DIV/0!
G15: WR | L15: =K15/C15 -> #DIV/0!
B16: =SUM(B7:B15) -> 429 | C16: =SUM(C7:C15) -> 901736 | D16: =SUM(D7:D15) -> 1 | E16: =SUM(E7:E15) -> 2088 | F16: =E16/C16 -> 0.0023155336 | J16: =SUM(J7:J15) -> 423 | K16: =SUM(K7:K15) -> 873885 | L16: =K16/C16 -> 0.96911402 | M16: =SUM(M7:M15) -> 5 | N16: =SUM(N7:N15) -> 10230
A17: Total Production A1 + WIP | K17: =K16+N16 -> 884115 | L17: =K17/C16 -> 0.9804588
A18: MONTH-TO-DATE
A19: BILLET | G19: PRODUCT
A20: Rolled | D20: Cobble | G20: A1 | M20: WIP
B21: Pc | C21: Kg | D21: Pc | E21: Kg | F21: % | G21: Type | J21: Coil | K21: Kg | L21: Yield | M21: Coil | N21: Kg
B22: ='11'!B22+B13 -> 2180 | C22: ='11'!C22+C13 -> 4621354 | D22: ='11'!D22+D13 -> 8 | E22: ='11'!E22+E13 -> 16952 | F22: =E22/C22 -> 0.003668189 | G22: WR | J22: ='11'!J22+J13 -> 2157 | K22: ='11'!K22+K13 -> 4520555 | L22: =K22/C22 -> 0.97818843 | M22: ='11'!M22+M13 -> 15 | N22: ='11'!N22+N13 -> 30813
B23: ='11'!B23+B7+B8+B9+B10+B11+B12 -> 1160 | C23: ='11'!C23+C7+C8+C9+C10+C11+C12 -> 2434871 | D23: ='11'!D23+D7+D8+D9+D10+D11+D12 -> 6 | E23: ='11'!E23+E7+E8+E9+E10+E11+E12 -> 12633 | F23: =E23/C23 -> 0.0051883652 | G23: BIC | J23: ='11'!J23+J7+J8+J9+J10+J11+J12 -> 1150 | K23: ='11'!K23+K7+K8+K9+K10+K11+K12 -> 2379715 | L23: =K23/C23 -> 0.97734747 | M23: ='11'!M23+M7+M8+M9+M10+M11+M12 -> 4 | N23: ='11'!N23+N7+N8+N9+N10+N11+N12 -> 7662
B24: ='11'!B24 -> 0 | C24: ='11'!C24 -> 0 | D24: ='11'!D24 -> 0 | E24: ='11'!E24 -> 0 | F24: =E24/C24 -> #DIV/0! | G24: MIC | J24: ='11'!J24 -> 0 | K24: ='11'!K24 -> 0 | L24: =K24/C24 -> #DIV/0! | M24: ='11'!M24 -> 0 | N24: ='11'!N24 -> 0
B26: =SUM(B21:B25) -> 3340 | C26: =SUM(C21:C25) -> 7056225 | D26: =SUM(D21:D25) -> 14 | E26: =SUM(E22:E25) -> 29585 | F26: =E26/C26 -> 0.0041927518 | J26: =SUM(J22:J25) -> 3307 | K26: =SUM(K22:K25) -> 6900270 | L26: =K26/C26 -> 0.97789824 | M26: =SUM(M22:M25) -> 19 | N26: =SUM(N22:N25) -> 38475
A27: Total Production A1 + WIP | K27: =K26+N26 -> 6938745 | L27: =K27/C26 -> 0.98335087
A29: Type | B29: Section | C29: Grade | D29: Coil | E29: Kg | G29: Type | H29: Section | I29: Grade | J29: Coil | K29: Kg | M29: Type | N29: Section | O29: Grade | P29: Coil | Q29: Kg
A30: ='11'!A30 -> BIC | B30: ='11'!B30 -> P.6 | C30: ='11'!C30 -> BjTPG280 | D30: ='11'!D30 -> 239 | E30: ='11'!E30 -> 497038 | G30: ='11'!G30 -> WR | H30: ='11'!H30 -> 0 | I30: ='11'!I30 -> 0 | J30: ='11'!J30 -> 0 | K30: ='11'!K30 -> 0 | M30: ='11'!M30 -> WR | N30: ='11'!N30 -> 0 | O30: ='11'!O30 -> 0 | P30: ='11'!P30 -> 0 | Q30: ='11'!Q30 -> 0
A31: ='11'!A31 -> WR | B31: ='11'!B31 -> 6.5 | C31: ='11'!C31 -> 8 | D31: ='11'!D31 -> 144 | E31: ='11'!E31 -> 301505 | G31: ='11'!G31 -> WR | H31: ='11'!H31 -> 0 | I31: ='11'!I31 -> 0 | J31: ='11'!J31 -> 0 | K31: ='11'!K31 -> 0 | M31: ='11'!M31 -> WR | N31: ='11'!N31 -> 0 | O31: ='11'!O31 -> 0 | P31: ='11'!P31 -> 0 | Q31: ='11'!Q31 -> 0
A32: ='11'!A32 -> WR | B32: ='11'!B32 -> 6.5 | C32: ='11'!C32 -> 10 | D32: ='11'!D32 -> 48 | E32: ='11'!E32 -> 99149 | G32: ='11'!G32 -> WR | H32: ='11'!H32 -> 0 | I32: ='11'!I32 -> 0 | J32: ='11'!J32 -> 0 | K32: ='11'!K32 -> 0 | M32: ='11'!M32 -> WR | N32: ='11'!N32 -> 0 | O32: ='11'!O32 -> 0 | P32: ='11'!P32 -> 0 | Q32: ='11'!Q32 -> 0
A33: ='11'!A33 -> WR | B33: ='11'!B33 -> 6.5 | C33: ='11'!C33 -> 15 | D33: ='11'!D33 -> 6 | E33: ='11'!E33 -> 12304 | G33: ='11'!G33 -> WR | H33: ='11'!H33 -> 0 | I33: ='11'!I33 -> 0 | J33: ='11'!J33 -> 0 | K33: ='11'!K33 -> 0 | M33: ='11'!M33 -> WR | N33: ='11'!N33 -> 0 | O33: ='11'!O33 -> 0 | P33: ='11'!P33 -> 0 | Q33: ='11'!Q33 -> 0
A34: ='11'!A34 -> WR | B34: ='11'!B34 -> 5.5 | C34: ='11'!C34 -> 6 | D34: ='11'!D34 -> 480 | E34: ='11'!E34 -> 1007562 | G34: ='11'!G34 -> WR | H34: ='11'!H34 -> 0 | I34: ='11'!I34 -> 0 | J34: ='11'!J34 -> 0 | K34: ='11'!K34 -> 0 | M34: ='11'!M34 -> WR | N34: ='11'!N34 -> 0 | O34: ='11'!O34 -> 0 | P34: ='11'!P34 -> 0 | Q34: ='11'!Q34 -> 0
A35: ='11'!A35 -> WR | B35: ='11'!B35 -> 5.5 | C35: ='11'!C35 -> 8.A | D35: ='11'!D35 -> 75 | E35: ='11'!E35 -> 157414 | G35: ='11'!G35 -> WR | H35: ='11'!H35 -> 0 | I35: ='11'!I35 -> 0 | J35: ='11'!J35 -> 0 | K35: ='11'!K35 -> 0 | M35: ='11'!M35 -> WR | N35: ='11'!N35 -> 0 | O35: ='11'!O35 -> 0 | P35: ='11'!P35 -> 0 | Q35: ='11'!Q35 -> 0
A36: ='11'!A36 -> WR | B36: ='11'!B36 -> 5.5 | C36: ='11'!C36 -> 22.A | D36: ='11'!D36 -> 284 | E36: ='11'!E36 -> 593345 | G36: ='11'!G36 -> WR | H36: ='11'!H36 -> 0 | I36: ='11'!I36 -> 0 | J36: ='11'!J36 -> 0 | K36: ='11'!K36 -> 0 | M36: ='11'!M36 -> WR | N36: ='11'!N36 -> 0 | O36: ='11'!O36 -> 0 | P36: ='11'!P36 -> 0 | Q36: ='11'!Q36 -> 0
A37: ='11'!A37 -> WR | B37: ='11'!B37 -> 5.5 | C37: ='11'!C37 -> Y.11 | D37: ='11'!D37 -> 526 | E37: ='11'!E37 -> 1102590 | G37: ='11'!G37 -> WR | H37: ='11'!H37 -> 0 | I37: ='11'!I37 -> 0 | J37: ='11'!J37 -> 0 | K37: ='11'!K37 -> 0 | M37: ='11'!M37 -> WR | N37: ='11'!N37 -> 0 | O37: ='11'!O37 -> 0 | P37: ='11'!P37 -> 0 | Q37: ='11'!Q37 -> 0
A38: ='11'!A38 -> WR | B38: ='11'!B38 -> 5.5 | C38: ='11'!C38 -> 67.A | D38: ='11'!D38 -> 72 | E38: ='11'!E38 -> 152182 | G38: ='11'!G38 -> WR | H38: ='11'!H38 -> 0 | I38: ='11'!I38 -> 0 | J38: ='11'!J38 -> 0 | K38: ='11'!K38 -> 0 | M38: ='11'!M38 -> WR | N38: ='11'!N38 -> 0 | O38: ='11'!O38 -> 0 | P38: ='11'!P38 -> 0 | Q38: ='11'!Q38 -> 0
A39: ='11'!A39 -> BIC | B39: ='11'!B39 -> P.8 | C39: ='11'!C39 -> BjTPG280 | D39: ='11'!D39 -> 240 | E39: ='11'!E39 -> 499780 | G39: ='11'!G39 -> WR | H39: ='11'!H39 -> 0 | I39: ='11'!I39 -> 0 | J39: ='11'!J39 -> 0 | K39: ='11'!K39 -> 0 | M39: ='11'!M39 -> WR | N39: ='11'!N39 -> 0 | O39: ='11'!O39 -> 0 | P39: ='11'!P39 -> 0 | Q39: ='11'!Q39 -> 0
A40: ='11'!A40 -> BIC | B40: ='11'!B40 -> S.8 | C40: ='11'!C40 -> BjTSG420 | D40: ='11'!D40+J8+J9+J10 -> 335 | E40: ='11'!E40+K8+K9+K10 -> 688721 | G40: ='11'!G40 -> WR | H40: ='11'!H40 -> 0 | I40: ='11'!I40 -> 0 | J40: ='11'!J40 -> 0 | K40: ='11'!K40 -> 0 | M40: ='11'!M40 -> WR | N40: ='11'!N40 -> 0 | O40: ='11'!O40 -> 0 | P40: ='11'!P40 -> 0 | Q40: ='11'!Q40 -> 0
A41: ='11'!A41 -> BIC | B41: ='11'!B41 -> S.10 | C41: ='11'!C41 -> BjTSG420 | D41: ='11'!D41 -> 144 | E41: ='11'!E41 -> 295842 | G41: ='11'!G41 -> WR | H41: ='11'!H41 -> 0 | I41: ='11'!I41 -> 0 | J41: ='11'!J41 -> 0 | K41: ='11'!K41 -> 0 | M41: ='11'!M41 -> WR | N41: ='11'!N41 -> 0 | O41: ='11'!O41 -> 0 | P41: ='11'!P41 -> 0 | Q41: ='11'!Q41 -> 0
A42: ='11'!A42 -> WR | B42: ='11'!B42 -> 5.5 | C42: ='11'!C42 -> 8 | D42: ='11'!D42 -> 287 | E42: ='11'!E42 -> 601921 | G42: ='11'!G42 -> WR | H42: ='11'!H42 -> 0 | I42: ='11'!I42 -> 0 | J42: ='11'!J42 -> 0 | K42: ='11'!K42 -> 0 | M42: ='11'!M42 -> WR | N42: ='11'!N42 -> 0 | O42: ='11'!O42 -> 0 | P42: ='11'!P42 -> 0 | Q42: ='11'!Q42 -> 0
A43: ='11'!A43 -> WR | B43: ='11'!B43 -> 5.5 | C43: ='11'!C43 -> 67.B | D43: ='11'!D43 -> 144 | E43: ='11'!E43 -> 304535 | G43: ='11'!G43 -> WR | H43: ='11'!H43 -> 0 | I43: ='11'!I43 -> 0 | J43: ='11'!J43 -> 0 | K43: ='11'!K43 -> 0 | M43: ='11'!M43 -> WR | N43: ='11'!N43 -> 0 | O43: ='11'!O43 -> 0 | P43: ='11'!P43 -> 0 | Q43: ='11'!Q43 -> 0
A44: ='11'!A44 -> BIC | B44: ='11'!B44 -> P.10 | C44: ='11'!C44 -> BjTPG280 | D44: ='11'!D44+J7 -> 144 | E44: ='11'!E44+K7 -> 299930 | G44: ='11'!G44 -> WR | H44: ='11'!H44 -> 0 | I44: ='11'!I44 -> 0 | J44: ='11'!J44 -> 0 | K44: ='11'!K44 -> 0 | M44: ='11'!M44 -> WR | N44: ='11'!N44 -> 0 | O44: ='11'!O44 -> 0 | P44: ='11'!P44 -> 0 | Q44: ='11'!Q44 -> 0
A45: BIC | B45: S.6 | C45: BjTSG420 | D45: =J11+J12 -> 48 | E45: =K11+K12 -> 98404 | G45: ='11'!G45 -> WR | H45: ='11'!H45 -> 0 | I45: ='11'!I45 -> 0 | J45: ='11'!J45 -> 0 | K45: ='11'!K45 -> 0 | M45: ='11'!M45 -> WR | N45: ='11'!N45 -> 0 | O45: ='11'!O45 -> 0 | P45: ='11'!P45 -> 0 | Q45: ='11'!Q45 -> 0
A46: ='11'!A46 -> WR | B46: 17 | C46: 8 | D46: =J13 -> 91 | E46: =K13 -> 188048 | G46: ='11'!G46 -> WR | H46: ='11'!H46 -> 0 | I46: ='11'!I46 -> 0 | J46: ='11'!J46 -> 0 | K46: ='11'!K46 -> 0 | M46: ='11'!M46 -> WR | N46: ='11'!N46 -> 0 | O46: ='11'!O46 -> 0 | P46: ='11'!P46 -> 0 | Q46: ='11'!Q46 -> 0
A47: ='11'!A47 -> WR | B47: ='11'!B47 -> 0 | C47: ='11'!C47 -> 0 | D47: ='11'!D47 -> 0 | E47: ='11'!E47 -> 0 | G47: ='11'!G47 -> WR | H47: ='11'!H47 -> 0 | I47: ='11'!I47 -> 0 | J47: ='11'!J47 -> 0 | K47: ='11'!K47 -> 0 | M47: ='11'!M47 -> WR | N47: ='11'!N47 -> 0 | O47: ='11'!O47 -> 0 | P47: ='11'!P47 -> 0 | Q47: ='11'!Q47 -> 0
A48: ='11'!A48 -> WR | B48: ='11'!B48 -> 0 | C48: ='11'!C48 -> 0 | D48: ='11'!D48 -> 0 | E48: ='11'!E48 -> 0 | G48: ='11'!G48 -> WR | H48: ='11'!H48 -> 0 | I48: ='11'!I48 -> 0 | J48: ='11'!J48 -> 0 | K48: ='11'!K48 -> 0 | M48: ='11'!M48 -> WR | N48: ='11'!N48 -> 0 | O48: ='11'!O48 -> 0 | P48: ='11'!P48 -> 0 | Q48: ='11'!Q48 -> 0
A49: ='11'!A49 -> WR | B49: ='11'!B49 -> 0 | C49: ='11'!C49 -> 0 | D49: ='11'!D49 -> 0 | E49: ='11'!E49 -> 0 | G49: ='11'!G49 -> WR | H49: ='11'!H49 -> 0 | I49: ='11'!I49 -> 0 | J49: ='11'!J49 -> 0 | K49: ='11'!K49 -> 0 | M49: ='11'!M49 -> WR | N49: ='11'!N49 -> 0 | O49: ='11'!O49 -> 0 | P49: ='11'!P49 -> 0 | Q49: ='11'!Q49 -> 0
A50: =A1 -> TMS 4 | B50: =B1 -> WR | P50: Page | Q50: 2/2
A51: PRODUCTIVITY & OPERATION REPORT
A52: =A3 -> 46034 | L52: P.10 - BjTPG280 ; S.8 - BjTSG420 ; S6 - BjTSG420 ; 17.0 - BjKR8
A53: Time | B53: Billet Rolled | C53: Cobble | D53: Details of Breakdown | J53: min | L53: Parameter | O53: Unit | P53: D | Q53: M-to-D | R53: TARGET | S53: JML | T53: HARI | U53: HARI
A54: Range | B54: (pcs) | R54: M-to-D | S54: HARI | T54: PRODUKSI | U54: STOP. PRD
A55: 07 - 08 | B55: 27 | L55: Billet Rolled | O55: Kg | P55: =C16 -> 901736 | Q55: =C26 -> 7056225 | S55: =DAY(A52) -> 12 | T55: =S55-U55 -> 7 | U55: ='11'!U55 -> 5
A56: 08 - 09 | B56: 27 | L56: A1+WIP | O56: Kg | P56: =K17 -> 884115 | Q56: =K27 -> 6938745
A57: 09 - 10 | B57: 27 | L57: Yield | O57: % | P57: =L17 -> 0.9804588 | Q57: =L27 -> 0.98335087 | R57: 0.985
A58: 10 - 11 | B58: 27 | L58: Coble | O58: Kg | P58: =E16 -> 2088 | Q58: =E26 -> 29585
A59: 11 - 12 | B59: 27 | O59: % | P59: =F16 -> 0.0023155336 | Q59: =F26 -> 0.0041927518 | R59: 0.0015
A60: 12 - 13 | B60: 6 | D60: Ganti section. P.10 - S.8 | J60: 45 | L60: 1. Working Time Available | O60: min | P60: 1440 | Q60: ='1'!Q60+'2'!P60+'3'!P60+'4'!P60+'5'!P60+'6'!P60+'7'!P60+'8'!P60+'9'!P60+'10'!P60+'11'!P60+'12'!P60 -> 17280
A61: 13 - 14 | B61: 22 | D61: Check section | J61: 6 | L61: 2. Planned Stoppage (a+b+c) | O61: min | P61: =SUM(P62:P64) -> 0 | Q61: ='1'!Q61+'2'!P61+'3'!P61+'4'!P61+'5'!P61+'6'!P61+'7'!P61+'8'!P61+'9'!P61+'10'!P61+'11'!P61+'12'!P61 -> 7200
A62: 14 - 15 | B62: 25 | L62: a. Shut Down | O62: min | P62: 0 | Q62: ='1'!Q62+'2'!P62+'3'!P62+'4'!P62+'5'!P62+'6'!P62+'7'!P62+'8'!P62+'9'!P62+'10'!P62+'11'!P62+'12'!P62 -> 7200
A63: 15 - 16 | B63: 25 | L63: b. Peak Hour | O63: min | P63: 0 | Q63: ='1'!Q63+'2'!P63+'3'!P63+'4'!P63+'5'!P63+'6'!P63+'7'!P63+'8'!P63+'9'!P63+'10'!P63+'11'!P63+'12'!P63 -> 0
A64: 16 - 17 | B64: 24 | L64: c. Others | O64: min | P64: 0 | Q64: ='1'!Q64+'2'!P64+'3'!P64+'4'!P64+'5'!P64+'6'!P64+'7'!P64+'8'!P64+'9'!P64+'10'!P64+'11'!P64+'12'!P64 -> 0 | S64: 4.1 Detail Cobble | V64: D | W64: M-to-D
A65: 17 - 18 | B65: 24 | L65: 3. Delay Maintenance (a+b+c) | O65: min | P65: =SUM(P66:P68) -> 340 | Q65: ='1'!Q65+'2'!P65+'3'!P65+'4'!P65+'5'!P65+'6'!P65+'7'!P65+'8'!P65+'9'!P65+'10'!P65+'11'!P65+'12'!P65 -> 1267 | S65: a. Operation | U65: Pcs | V65: 1 | W65: =+'11'!W65+'12'!V65 -> 8
A66: 18 - 19 | B66: 16 | C66: 1 | D66: Material loop di #20. bearing entry box rusak | J66: 19 | L66: a. Daily Maintenance | O66: min | P66: 0 | Q66: ='1'!Q66+'2'!P66+'3'!P66+'4'!P66+'5'!P66+'6'!P66+'7'!P66+'8'!P66+'9'!P66+'10'!P66+'11'!P66+'12'!P66 -> 0 | S66: b. Mechanical | U66: Pcs | W66: =+'11'!W66+'12'!V66 -> 5
A67: 19 - 20 | B67: 8 | D67: Ganti section. S8 - S6 | J67: 40 | L67: b. Section / Pass / Grade Change | O67: min | P67: 308 | Q67: ='1'!Q67+'2'!P67+'3'!P67+'4'!P67+'5'!P67+'6'!P67+'7'!P67+'8'!P67+'9'!P67+'10'!P67+'11'!P67+'12'!P67 -> 1108 | S67: c. Electrical | U67: Pcs | W67: =+'11'!W67+'12'!V67 -> 0
A68: 20 - 21 | B68: 6 | D68: Ganti section. S8 - S6(20) ; Rolling terlambat(10) ; check section, Ts, Yp(12) | J68: 42 | L68: c. Section Setting | O68: min | P68: 32 | Q68: ='1'!Q68+'2'!P68+'3'!P68+'4'!P68+'5'!P68+'6'!P68+'7'!P68+'8'!P68+'9'!P68+'10'!P68+'11'!P68+'12'!P68 -> 159 | S68: d. Material / Billet Defect | U68: Pcs | W68: =+'11'!W68+'12'!V68 -> 1
A69: 21 - 22 | B69: 20 | L69: 4. Break Down | O69: min | P69: =SUM(P70:P74) -> 64 | Q69: ='1'!Q69+'2'!P69+'3'!P69+'4'!P69+'5'!P69+'6'!P69+'7'!P69+'8'!P69+'9'!P69+'10'!P69+'11'!P69+'12'!P69 -> 593 | S69: e. Un-Controllable | U69: Pcs | W69: =+'11'!W69+'12'!V69 -> 0
A70: 22 - 23 | B70: 20 | L70: a. Operation | O70: min | P70: 64 | Q70: ='1'!Q70+'2'!P70+'3'!P70+'4'!P70+'5'!P70+'6'!P70+'7'!P70+'8'!P70+'9'!P70+'10'!P70+'11'!P70+'12'!P70 -> 299 | R70: =T55*30 -> 210
A71: 23 - 24 | B71: 2 | D71: Ganti section. S6 - 17.0 | J71: 53 | L71: b. Mechanical | O71: min | P71: 0 | Q71: ='1'!Q71+'2'!P71+'3'!P71+'4'!P71+'5'!P71+'6'!P71+'7'!P71+'8'!P71+'9'!P71+'10'!P71+'11'!P71+'12'!P71 -> 251 | R71: =T55*25 -> 175
A72: 24 - 01 | B72: 0 | D72: Ganti section. S6 - 17.0 | J72: 60 | L72: c. Electrical | O72: min | P72: 0 | Q72: ='1'!Q72+'2'!P72+'3'!P72+'4'!P72+'5'!P72+'6'!P72+'7'!P72+'8'!P72+'9'!P72+'10'!P72+'11'!P72+'12'!P72 -> 19 | R72: =T55*10 -> 70
A73: 01 - 02 | B73: 1 | D73: Ganti section. S6 - 17.0(49) ; check section(8) | J73: 57 | L73: d. Material / Billet Defect | O73: min | P73: 0 | Q73: ='1'!Q73+'2'!P73+'3'!P73+'4'!P73+'5'!P73+'6'!P73+'7'!P73+'8'!P73+'9'!P73+'10'!P73+'11'!P73+'12'!P73 -> 24
A74: 02 - 03 | B74: 21 | D74: Check section(6) ; Ekor coil tersangkur di fronthand(4) | J74: 10 | L74: e. Un-Controllable | O74: min | P74: 0 | Q74: ='1'!Q74+'2'!P74+'3'!P74+'4'!P74+'5'!P74+'6'!P74+'7'!P74+'8'!P74+'9'!P74+'10'!P74+'11'!P74+'12'!P74 -> 0
A75: 03 - 04 | B75: 18 | D75: Ekor coil tersangkur di fronthand(3) ; Coil bagian tengah tidak masuk finger(14) | J75: 17 | L75: 5. Production Time Available (1-2) | O75: min | P75: =P60-P61 -> 1440 | Q75: ='1'!Q75+'2'!P75+'3'!P75+'4'!P75+'5'!P75+'6'!P75+'7'!P75+'8'!P75+'9'!P75+'10'!P75+'11'!P75+'12'!P75 -> 10080
A76: 04 - 05 | B76: 24 | D76: Ekor coil tersangkur di fronthand(3) ; Compacting terlambat. Coil sulit di ikat(5) | J76: 8 | L76: 6. Registered Delay (3+4) | O76: min | P76: =P65+P69 -> 404 | Q76: ='1'!Q76+'2'!P76+'3'!P76+'4'!P76+'5'!P76+'6'!P76+'7'!P76+'8'!P76+'9'!P76+'10'!P76+'11'!P76+'12'!P76 -> 1860
A77: 05 - 06 | B77: 24 | D77: Compacting terlambat. Shape coil kurang bagus sehingga sulit di ikat | J77: 6 | L77: 7. Delay Counter | O77: min | P77: 404 | Q77: ='1'!Q77+'2'!P77+'3'!P77+'4'!P77+'5'!P77+'6'!P77+'7'!P77+'8'!P77+'9'!P77+'10'!P77+'11'!P77+'12'!P77 -> 1861
A78: 06 - 07 | B78: 8 | D78: Ganti section. 17.0 - 8.5 | J78: 41 | L78: 8. Slow Rolling (7-6) | O78: min | P78: =+P77-P76 -> 0 | Q78: ='1'!Q78+'2'!P78+'3'!P78+'4'!P78+'5'!P78+'6'!P78+'7'!P78+'8'!P78+'9'!P78+'10'!P78+'11'!P78+'12'!P78 -> 1
B79: =SUM(B55:B78) -> 429 | C79: =SUM(C55:C78) -> 1 | J79: =SUM(J55:J78) -> 404 | L79: 9. Effective Production Time (5-6-8) | O79: min | P79: =+P75-P76-P78 -> 1036 | Q79: ='1'!Q79+'2'!P79+'3'!P79+'4'!P79+'5'!P79+'6'!P79+'7'!P79+'8'!P79+'9'!P79+'10'!P79+'11'!P79+'12'!P79 -> 8219
L80: 10. a. Nett Utilization (9/5) | O80: % | P80: =P79/P75 -> 0.71944444 | Q80: =Q79/Q75 -> 0.81537698 | R80: 0.86
A81: NOTES | L81: b. Gross Utilization (9/1) | O81: % | P81: =P79/P60 -> 0.71944444 | Q81: =Q79/Q60 -> 0.47563657
L82: 11. a. Nett Rolling Rate (Billet / (9)) | O82: MT/hour | P82: =(C16/1000)/(P79/60) -> 52.224093 | Q82: =(C26/1000)/(Q79/60) -> 51.511559
L83: b. Gross Rolling Rate (Billet / (5)) | O83: MT/hour | P83: =(C16/1000)/(P75/60) -> 37.572333 | Q83: =(C26/1000)/(Q75/60) -> 42.001339
L84: 12. Gas Consumption | O84: Nmc | P84: 30525 | Q84: ='1'!Q84+'2'!P84+'3'!P84+'4'!P84+'5'!P84+'6'!P84+'7'!P84+'8'!P84+'9'!P84+'10'!P84+'11'!P84+'12'!P84 -> 242551
O85: Nmc/ T | P85: =P84/(K17/1000) -> 34.526051 | Q85: =Q84/(K27/1000) -> 34.956033
L86: 13. Electricity Consumption | O86: MWH | P86: 160.2 | Q86: ='1'!Q86+'2'!P86+'3'!P86+'4'!P86+'5'!P86+'6'!P86+'7'!P86+'8'!P86+'9'!P86+'10'!P86+'11'!P86+'12'!P86 -> 1387.55
O87: KWH / T | P87: =(P86*1000)/(K16/1000) -> 183.31932 | Q87: =(Q86*1000)/(K26/1000) -> 201.08633
L88: 14. Water Consumption | O88: M3 | P88: 55 | Q88: ='1'!Q88+'2'!P88+'3'!P88+'4'!P88+'5'!P88+'6'!P88+'7'!P88+'8'!P88+'9'!P88+'10'!P88+'11'!P88+'12'!P88 -> 1013
O89: M3 / Ton | P89: =P88/(K16/1000) -> 0.062937343 | Q89: =Q88/(K26/1000) -> 0.14680585
N91: SM | P91: GM

Sheet 13
A1: TMS 4 | B1: WR | P1: Page | Q1: 1/2
A2: DAILY PRODUCTION REPORT
A3: ='12'!A3:Q3+1 -> 46035
A4: BILLET | G4: PRODUCT
A5: Rolled | D5: Cobble | G5: A1 | M5: WIP
A6: ID | B6: Pc | C6: Kg | D6: Pc | E6: Kg | F6: % | G6: Type | H6: Section | I6: Grade | J6: Coil | K6: Kg | L6: Yield | M6: Coil | N6: Kg
A7: 5GX-01 | B7: 336 | C7: 708624 | G7: WR | H7: 8.5 | I7: SAE 1015 | J7: 336 | K7: 699388 | L7: =K7/C7 -> 0.98696629
A8: 5LX-02 | B8: 5 | C8: 10470 | G8: WR | H8: 8.5 | I8: SAE 1015 | J8: 5 | K8: 10253 | L8: =K8/C8 -> 0.97927412
A9: 5LX-02 | B9: 91 | C9: 190554 | G9: WR | H9: 8.5 | I9: Bj KR 15 | J9: 91 | K9: 187760 | L9: =K9/C9 -> 0.98533749
A10: 5LX-03 | B10: 144 | C10: 305424 | G10: WR | H10: 6.5 | I10: Bj KR 8 | J10: 144 | K10: 300807 | L10: =K10/C10 -> 0.98488331
A11: 5GX-01 | B11: 2 | C11: 4218 | G11: WR | H11: 6.5 | I11: SAE 1015 | J11: 2 | K11: 4160 | L11: =K11/C11 -> 0.98624941
G12: WR | L12: =K12/C12 -> #DIV/0!
G13: WR | L13: =K13/C13 -> #DIV/0!
G14: WR | L14: =K14/C14 -> #DIV/0!
G15: WR | L15: =K15/C15 -> #DIV/0!
B16: =SUM(B7:B15) -> 578 | C16: =SUM(C7:C15) -> 1219290 | D16: =SUM(D7:D15) -> 0 | E16: =SUM(E7:E15) -> 0 | F16: =E16/C16 -> 0 | J16: =SUM(J7:J15) -> 578 | K16: =SUM(K7:K15) -> 1202368 | L16: =K16/C16 -> 0.98612143 | M16: =SUM(M7:M15) -> 0 | N16: =SUM(N7:N15) -> 0
A17: Total Production A1 + WIP | K17: =K16+N16 -> 1202368 | L17: =K17/C16 -> 0.98612143
A18: MONTH-TO-DATE
A19: BILLET | G19: PRODUCT
A20: Rolled | D20: Cobble | G20: A1 | M20: WIP
B21: Pc | C21: Kg | D21: Pc | E21: Kg | F21: % | G21: Type | J21: Coil | K21: Kg | L21: Yield | M21: Coil | N21: Kg
B22: ='12'!B22+'13'!B16 -> 2758 | C22: ='12'!C22+'13'!C16 -> 5840644 | D22: ='12'!D22+'13'!D16 -> 8 | E22: ='12'!E22+'13'!E16 -> 16952 | F22: =E22/C22 -> 0.0029024197 | G22: WR | J22: ='12'!J22+'13'!J16 -> 2735 | K22: ='12'!K22+'13'!K16 -> 5722923 | L22: =K22/C22 -> 0.97984452 | M22: ='12'!M22+'13'!M16 -> 15 | N22: ='12'!N22+'13'!N16 -> 30813
B23: ='12'!B23 -> 1160 | C23: ='12'!C23 -> 2434871 | D23: ='12'!D23 -> 6 | E23: ='12'!E23 -> 12633 | F23: =E23/C23 -> 0.0051883652 | G23: BIC | J23: ='12'!J23 -> 1150 | K23: ='12'!K23 -> 2379715 | L23: =K23/C23 -> 0.97734747 | M23: ='12'!M23 -> 4 | N23: ='12'!N23 -> 7662
B24: ='12'!B24 -> 0 | C24: ='12'!C24 -> 0 | D24: ='12'!D24 -> 0 | E24: ='12'!E24 -> 0 | F24: =E24/C24 -> #DIV/0! | G24: MIC | J24: ='12'!J24 -> 0 | K24: ='12'!K24 -> 0 | L24: =K24/C24 -> #DIV/0! | M24: ='12'!M24 -> 0 | N24: ='12'!N24 -> 0
B26: =SUM(B21:B25) -> 3918 | C26: =SUM(C21:C25) -> 8275515 | D26: =SUM(D21:D25) -> 14 | E26: =SUM(E22:E25) -> 29585 | F26: =E26/C26 -> 0.0035750041 | J26: =SUM(J22:J25) -> 3885 | K26: =SUM(K22:K25) -> 8102638 | L26: =K26/C26 -> 0.97910982 | M26: =SUM(M22:M25) -> 19 | N26: =SUM(N22:N25) -> 38475
A27: Total Production A1 + WIP | K27: =K26+N26 -> 8141113 | L27: =K27/C26 -> 0.98375908
A29: Type | B29: Section | C29: Grade | D29: Coil | E29: Kg | G29: Type | H29: Section | I29: Grade | J29: Coil | K29: Kg | M29: Type | N29: Section | O29: Grade | P29: Coil | Q29: Kg
A30: ='12'!A30 -> BIC | B30: ='12'!B30 -> P.6 | C30: ='12'!C30 -> BjTPG280 | D30: ='12'!D30 -> 239 | E30: ='12'!E30 -> 497038 | G30: ='12'!G30 -> WR | H30: ='12'!H30 -> 0 | I30: ='12'!I30 -> 0 | J30: ='12'!J30 -> 0 | K30: ='12'!K30 -> 0 | M30: ='12'!M30 -> WR | N30: ='12'!N30 -> 0 | O30: ='12'!O30 -> 0 | P30: ='12'!P30 -> 0 | Q30: ='12'!Q30 -> 0
A31: ='12'!A31 -> WR | B31: ='12'!B31 -> 6.5 | C31: ='12'!C31 -> 8 | D31: ='12'!D31 -> 144 | E31: ='12'!E31 -> 301505 | G31: ='12'!G31 -> WR | H31: ='12'!H31 -> 0 | I31: ='12'!I31 -> 0 | J31: ='12'!J31 -> 0 | K31: ='12'!K31 -> 0 | M31: ='12'!M31 -> WR | N31: ='12'!N31 -> 0 | O31: ='12'!O31 -> 0 | P31: ='12'!P31 -> 0 | Q31: ='12'!Q31 -> 0
A32: ='12'!A32 -> WR | B32: ='12'!B32 -> 6.5 | C32: ='12'!C32 -> 10 | D32: ='12'!D32 -> 48 | E32: ='12'!E32 -> 99149 | G32: ='12'!G32 -> WR | H32: ='12'!H32 -> 0 | I32: ='12'!I32 -> 0 | J32: ='12'!J32 -> 0 | K32: ='12'!K32 -> 0 | M32: ='12'!M32 -> WR | N32: ='12'!N32 -> 0 | O32: ='12'!O32 -> 0 | P32: ='12'!P32 -> 0 | Q32: ='12'!Q32 -> 0
A33: ='12'!A33 -> WR | B33: ='12'!B33 -> 6.5 | C33: ='12'!C33 -> 15 | D33: ='12'!D33 -> 6 | E33: ='12'!E33 -> 12304 | G33: ='12'!G33 -> WR | H33: ='12'!H33 -> 0 | I33: ='12'!I33 -> 0 | J33: ='12'!J33 -> 0 | K33: ='12'!K33 -> 0 | M33: ='12'!M33 -> WR | N33: ='12'!N33 -> 0 | O33: ='12'!O33 -> 0 | P33: ='12'!P33 -> 0 | Q33: ='12'!Q33 -> 0
A34: ='12'!A34 -> WR | B34: ='12'!B34 -> 5.5 | C34: ='12'!C34 -> 6 | D34: ='12'!D34 -> 480 | E34: ='12'!E34 -> 1007562 | G34: ='12'!G34 -> WR | H34: ='12'!H34 -> 0 | I34: ='12'!I34 -> 0 | J34: ='12'!J34 -> 0 | K34: ='12'!K34 -> 0 | M34: ='12'!M34 -> WR | N34: ='12'!N34 -> 0 | O34: ='12'!O34 -> 0 | P34: ='12'!P34 -> 0 | Q34: ='12'!Q34 -> 0
A35: ='12'!A35 -> WR | B35: ='12'!B35 -> 5.5 | C35: ='12'!C35 -> 8.A | D35: ='12'!D35 -> 75 | E35: ='12'!E35 -> 157414 | G35: ='12'!G35 -> WR | H35: ='12'!H35 -> 0 | I35: ='12'!I35 -> 0 | J35: ='12'!J35 -> 0 | K35: ='12'!K35 -> 0 | M35: ='12'!M35 -> WR | N35: ='12'!N35 -> 0 | O35: ='12'!O35 -> 0 | P35: ='12'!P35 -> 0 | Q35: ='12'!Q35 -> 0
A36: ='12'!A36 -> WR | B36: ='12'!B36 -> 5.5 | C36: ='12'!C36 -> 22.A | D36: ='12'!D36 -> 284 | E36: ='12'!E36 -> 593345 | G36: ='12'!G36 -> WR | H36: ='12'!H36 -> 0 | I36: ='12'!I36 -> 0 | J36: ='12'!J36 -> 0 | K36: ='12'!K36 -> 0 | M36: ='12'!M36 -> WR | N36: ='12'!N36 -> 0 | O36: ='12'!O36 -> 0 | P36: ='12'!P36 -> 0 | Q36: ='12'!Q36 -> 0
A37: ='12'!A37 -> WR | B37: ='12'!B37 -> 5.5 | C37: ='12'!C37 -> Y.11 | D37: ='12'!D37 -> 526 | E37: ='12'!E37 -> 1102590 | G37: ='12'!G37 -> WR | H37: ='12'!H37 -> 0 | I37: ='12'!I37 -> 0 | J37: ='12'!J37 -> 0 | K37: ='12'!K37 -> 0 | M37: ='12'!M37 -> WR | N37: ='12'!N37 -> 0 | O37: ='12'!O37 -> 0 | P37: ='12'!P37 -> 0 | Q37: ='12'!Q37 -> 0
A38: ='12'!A38 -> WR | B38: ='12'!B38 -> 5.5 | C38: ='12'!C38 -> 67.A | D38: ='12'!D38 -> 72 | E38: ='12'!E38 -> 152182 | G38: ='12'!G38 -> WR | H38: ='12'!H38 -> 0 | I38: ='12'!I38 -> 0 | J38: ='12'!J38 -> 0 | K38: ='12'!K38 -> 0 | M38: ='12'!M38 -> WR | N38: ='12'!N38 -> 0 | O38: ='12'!O38 -> 0 | P38: ='12'!P38 -> 0 | Q38: ='12'!Q38 -> 0
A39: ='12'!A39 -> BIC | B39: ='12'!B39 -> P.8 | C39: ='12'!C39 -> BjTPG280 | D39: ='12'!D39 -> 240 | E39: ='12'!E39 -> 499780 | G39: ='12'!G39 -> WR | H39: ='12'!H39 -> 0 | I39: ='12'!I39 -> 0 | J39: ='12'!J39 -> 0 | K39: ='12'!K39 -> 0 | M39: ='12'!M39 -> WR | N39: ='12'!N39 -> 0 | O39: ='12'!O39 -> 0 | P39: ='12'!P39 -> 0 | Q39: ='12'!Q39 -> 0
A40: ='12'!A40 -> BIC | B40: ='12'!B40 -> S.8 | C40: ='12'!C40 -> BjTSG420 | D40: ='12'!D40 -> 335 | E40: ='12'!E40 -> 688721 | G40: ='12'!G40 -> WR | H40: ='12'!H40 -> 0 | I40: ='12'!I40 -> 0 | J40: ='12'!J40 -> 0 | K40: ='12'!K40 -> 0 | M40: ='12'!M40 -> WR | N40: ='12'!N40 -> 0 | O40: ='12'!O40 -> 0 | P40: ='12'!P40 -> 0 | Q40: ='12'!Q40 -> 0
A41: ='12'!A41 -> BIC | B41: ='12'!B41 -> S.10 | C41: ='12'!C41 -> BjTSG420 | D41: ='12'!D41 -> 144 | E41: ='12'!E41 -> 295842 | G41: ='12'!G41 -> WR | H41: ='12'!H41 -> 0 | I41: ='12'!I41 -> 0 | J41: ='12'!J41 -> 0 | K41: ='12'!K41 -> 0 | M41: ='12'!M41 -> WR | N41: ='12'!N41 -> 0 | O41: ='12'!O41 -> 0 | P41: ='12'!P41 -> 0 | Q41: ='12'!Q41 -> 0
... A46: ='12'!A46 -> WR | B46: ='12'!B46 -> 17 | C46: ='12'!C46 -> 8 | D46: ='12'!D46 -> 91 | E46: ='12'!E46 -> 188048 | G46: ='12'!G46 -> WR | H46: ='12'!H46 -> 0 | I46: ='12'!I46 -> 0 | J46: ='12'!J46 -> 0 | K46: ='12'!K46 -> 0 | M46: ='12'!M46 -> WR | N46: ='12'!N46 -> 0 | O46: ='12'!O46 -> 0 | P46: ='12'!P46 -> 0 | Q46: ='12'!Q46 -> 0
A47: ='12'!A47 -> WR | B47: 8.5 | C47: 15 | D47: =J7+J8+J9 -> 432 | E47: =K7+K8+K9 -> 897401 | G47: ='12'!G47 -> WR | H47: ='12'!H47 -> 0 | I47: ='12'!I47 -> 0 | J47: ='12'!J47 -> 0 | K47: ='12'!K47 -> 0 | M47: ='12'!M47 -> WR | N47: ='12'!N47 -> 0 | O47: ='12'!O47 -> 0 | P47: ='12'!P47 -> 0 | Q47: ='12'!Q47 -> 0
A48: ='12'!A48 -> WR | B48: 6.5 | C48: 8 | D48: =J10 -> 144 | E48: =K10 -> 300807 | G48: ='12'!G48 -> WR | H48: ='12'!H48 -> 0 | I48: ='12'!I48 -> 0 | J48: ='12'!J48 -> 0 | K48: ='12'!K48 -> 0 | M48: ='12'!M48 -> WR | N48: ='12'!N48 -> 0 | O48: ='12'!O48 -> 0 | P48: ='12'!P48 -> 0 | Q48: ='12'!Q48 -> 0
A49: ='12'!A49 -> WR | B49: 6.5 | C49: 15 | D49: =J11 -> 2 | E49: =K11 -> 4160 | G49: ='12'!G49 -> WR | H49: ='12'!H49 -> 0 | I49: ='12'!I49 -> 0 | J49: ='12'!J49 -> 0 | K49: ='12'!K49 -> 0 | M49: ='12'!M49 -> WR | N49: ='12'!N49 -> 0 | O49: ='12'!O49 -> 0 | P49: ='12'!P49 -> 0 | Q49: ='12'!Q49 -> 0
A50: =A1 -> TMS 4 | B50: =B1 -> WR | P50: Page | Q50: 2/2
A51: PRODUCTIVITY & OPERATION REPORT
A52: =A3 -> 46035 | L52: 8.5 - SAE1015, BjKR15 ; 6.5 - BjKR8, SAE1015
A53: Time | B53: Billet Rolled | C53: Cobble | D53: Details of Breakdown | J53: min | L53: Parameter | O53: Unit | P53: D | Q53: M-to-D | R53: TARGET | S53: JML | T53: HARI | U53: HARI
A54: Range | B54: (pcs) | R54: M-to-D | S54: HARI | T54: PRODUKSI | U54: STOP. PRD
A55: 07 - 08 | B55: 16 | D55: Ganti section. 17.0 - 8.5(19) ; Check section(5) | J55: 24 | L55: Billet Rolled | O55: Kg | P55: =C16 -> 1219290 | Q55: =C26 -> 8275515 | S55: =DAY(A52) -> 13 | T55: =S55-U55 -> 8 | U55: ='12'!U55 -> 5
A56: 08 - 09 | B56: 23 | D56: Compacting terlambat. Karena pasang protektor coil | J56: 3 | L56: A1+WIP | O56: Kg | P56: =K17 -> 1202368 | Q56: =K27 -> 8141113
A57: 09 - 10 | B57: 27 | L57: Yield | O57: % | P57: =L17 -> 0.98612143 | Q57: =L27 -> 0.98375908 | R57: 0.985
A58: 10 - 11 | B58: 26 | L58: Coble | O58: Kg | P58: =E16 -> 0 | Q58: =E26 -> 29585
A59: 11 - 12 | B59: 27 | O59: % | P59: =F16 -> 0 | Q59: =F26 -> 0.0035750041 | R59: 0.0015
A60: 12 - 13 | B60: 27 | L60: 1. Working Time Available | O60: min | P60: 1440 | Q60: ='1'!Q60+'2'!P60+'3'!P60+'4'!P60+'5'!P60+'6'!P60+'7'!P60+'8'!P60+'9'!P60+'10'!P60+'11'!P60+'12'!P60+'13'!P60 -> 18720
A61: 13 - 14 | B61: 27 | L61: 2. Planned Stoppage (a+b+c) | O61: min | P61: =SUM(P62:P64) -> 0 | Q61: ='1'!Q61+'2'!P61+'3'!P61+'4'!P61+'5'!P61+'6'!P61+'7'!P61+'8'!P61+'9'!P61+'10'!P61+'11'!P61+'12'!P61+'13'!P61 -> 7200
A62: 14 - 15 | B62: 27 | L62: a. Shut Down | O62: min | P62: 0 | Q62: ='1'!Q62+'2'!P62+'3'!P62+'4'!P62+'5'!P62+'6'!P62+'7'!P62+'8'!P62+'9'!P62+'10'!P62+'11'!P62+'12'!P62+'13'!P62 -> 7200
A63: 15 - 16 | B63: 27 | L63: b. Peak Hour | O63: min | P63: 0 | Q63: ='1'!Q63+'2'!P63+'3'!P63+'4'!P63+'5'!P63+'6'!P63+'7'!P63+'8'!P63+'9'!P63+'10'!P63+'11'!P63+'12'!P63+'13'!P63 -> 0
A64: 16 - 17 | B64: 27 | L64: c. Others | O64: min | P64: 0 | Q64: ='1'!Q64+'2'!P64+'3'!P64+'4'!P64+'5'!P64+'6'!P64+'7'!P64+'8'!P64+'9'!P64+'10'!P64+'11'!P64+'12'!P64+'13'!P64 -> 0 | S64: 4.1 Detail Cobble | V64: D | W64: M-to-D
A65: 17 - 18 | B65: 15 | D65: Maint. Ganti TC ring #23, pass #24 ; entry box #12 - #24 | J65: 30 | L65: 3. Delay Maintenance (a+b+c) | O65: min | P65: =SUM(P66:P68) -> 126 | Q65: ='1'!Q65+'2'!P65+'3'!P65+'4'!P65+'5'!P65+'6'!P65+'7'!P65+'8'!P65+'9'!P65+'10'!P65+'11'!P65+'12'!P65+'13'!P65 -> 1393 | S65: a. Operation | U65: Pcs | W65: =+'12'!W65+'13'!V65 -> 8
A66: 18 - 19 | B66: 27 | L66: a. Daily Maintenance | O66: min | P66: 0 | Q66: ='1'!Q66+'2'!P66+'3'!P66+'4'!P66+'5'!P66+'6'!P66+'7'!P66+'8'!P66+'9'!P66+'10'!P66+'11'!P66+'12'!P66+'13'!P66 -> 0 | S66: b. Mechanical | U66: Pcs | W66: =+'12'!W66+'13'!V66 -> 5
A67: 19 - 20 | B67: 27 | L67: b. Section / Pass / Grade Change | O67: min | P67: 110 | Q67: ='1'!Q67+'2'!P67+'3'!P67+'4'!P67+'5'!P67+'6'!P67+'7'!P67+'8'!P67+'9'!P67+'10'!P67+'11'!P67+'12'!P67+'13'!P67 -> 1218 | S67: c. Electrical | U67: Pcs | W67: =+'12'!W67+'13'!V67 -> 0
A68: 20 - 21 | B68: 24 | D68: Roll cooling conveyor section 2, roll no. 4 - 5 tersendat | J68: 8 | L68: c. Section Setting | O68: min | P68: 16 | Q68: ='1'!Q68+'2'!P68+'3'!P68+'4'!P68+'5'!P68+'6'!P68+'7'!P68+'8'!P68+'9'!P68+'10'!P68+'11'!P68+'12'!P68+'13'!P68 -> 175 | S68: d. Material / Billet Defect | U68: Pcs | W68: =+'12'!W68+'13'!V68 -> 1
A69: 21 - 22 | B69: 25 | L69: 4. Break Down | O69: min | P69: =SUM(P70:P74) -> 19 | Q69: ='1'!Q69+'2'!P69+'3'!P69+'4'!P69+'5'!P69+'6'!P69+'7'!P69+'8'!P69+'9'!P69+'10'!P69+'11'!P69+'12'!P69+'13'!P69 -> 612 | S69: e. Un-Controllable | U69: Pcs | W69: =+'12'!W69+'13'!V69 -> 0
A70: 22 - 23 | B70: 27 | L70: a. Operation | O70: min | P70: 8 | Q70: ='1'!Q70+'2'!P70+'3'!P70+'4'!P70+'5'!P70+'6'!P70+'7'!P70+'8'!P70+'9'!P70+'10'!P70+'11'!P70+'12'!P70+'13'!P70 -> 307 | R70: =T55*30 -> 240
A71: 23 - 24 | B71: 28 | L71: b. Mechanical | O71: min | P71: 11 | Q71: ='1'!Q71+'2'!P71+'3'!P71+'4'!P71+'5'!P71+'6'!P71+'7'!P71+'8'!P71+'9'!P71+'10'!P71+'11'!P71+'12'!P71+'13'!P71 -> 262 | R71: =T55*25 -> 200
A72: 24 - 01 | B72: 5 | D72: Ganti section. 8.5 - 6.5 | J72: 45 | L72: c. Electrical | O72: min | P72: 0 | Q72: ='1'!Q72+'2'!P72+'3'!P72+'4'!P72+'5'!P72+'6'!P72+'7'!P72+'8'!P72+'9'!P72+'10'!P72+'11'!P72+'12'!P72+'13'!P72 -> 19 | R72: =T55*10 -> 80
A73: 01 - 02 | B73: 15 | D73: Ganti section. 8.5 - 6.5(15) ; Rolling terlambat(5) ; check section(6) | J73: 26 | L73: d. Material / Billet Defect | O73: min | P73: 0 | Q73: ='1'!Q73+'2'!P73+'3'!P73+'4'!P73+'5'!P73+'6'!P73+'7'!P73+'8'!P73+'9'!P73+'10'!P73+'11'!P73+'12'!P73+'13'!P73 -> 24
A74: 02 - 03 | B74: 27 | L74: e. Un-Controllable | O74: min | P74: 0 | Q74: ='1'!Q74+'2'!P74+'3'!P74+'4'!P74+'5'!P74+'6'!P74+'7'!P74+'8'!P74+'9'!P74+'10'!P74+'11'!P74+'12'!P74+'13'!P74 -> 0
A75: 03 - 04 | B75: 27 | L75: 5. Production Time Available (1-2) | O75: min | P75: =P60-P61 -> 1440 | Q75: ='1'!Q75+'2'!P75+'3'!P75+'4'!P75+'5'!P75+'6'!P75+'7'!P75+'8'!P75+'9'!P75+'10'!P75+'11'!P75+'12'!P75+'13'!P75 -> 11520
A76: 04 - 05 | B76: 27 | L76: 6. Registered Delay (3+4) | O76: min | P76: =P65+P69 -> 145 | Q76: ='1'!Q76+'2'!P76+'3'!P76+'4'!P76+'5'!P76+'6'!P76+'7'!P76+'8'!P76+'9'!P76+'10'!P76+'11'!P76+'12'!P76+'13'!P76 -> 2005
A77: 05 - 06 | B77: 28 | L77: 7. Delay Counter | O77: min | P77: 145 | Q77: ='1'!Q77+'2'!P77+'3'!P77+'4'!P77+'5'!P77+'6'!P77+'7'!P77+'8'!P77+'9'!P77+'10'!P77+'11'!P77+'12'!P77+'13'!P77 -> 2006
A78: 06 - 07 | B78: 22 | D78: Double hook di B8, close time out di B13(3) ; Grade change. 1008 - 1015(1) ; Check visual coil(5) | J78: 9 | L78: 8. Slow Rolling (7-6) | O78: min | P78: =+P77-P76 -> 0 | Q78: ='1'!Q78+'2'!P78+'3'!P78+'4'!P78+'5'!P78+'6'!P78+'7'!P78+'8'!P78+'9'!P78+'10'!P78+'11'!P78+'12'!P78+'13'!P78 -> 1
B79: =SUM(B55:B78) -> 578 | C79: =SUM(C55:C78) -> 0 | J79: =SUM(J55:J78) -> 145 | L79: 9. Effective Production Time (5-6-8) | O79: min | P79: =+P75-P76-P78 -> 1295 | Q79: ='1'!Q79+'2'!P79+'3'!P79+'4'!P79+'5'!P79+'6'!P79+'7'!P79+'8'!P79+'9'!P79+'10'!P79+'11'!P79+'12'!P79+'13'!P79 -> 9514
L80: 10. a. Nett Utilization (9/5) | O80: % | P80: =P79/P75 -> 0.89930556 | Q80: =Q79/Q75 -> 0.82586806 | R80: 0.86
A81: NOTES | L81: b. Gross Utilization (9/1) | O81: % | P81: =P79/P60 -> 0.89930556 | Q81: =Q79/Q60 -> 0.5082265
L82: 11. a. Nett Rolling Rate (Billet / (9)) | O82: MT/hour | P82: =(C16/1000)/(P79/60) -> 56.492201 | Q82: =(C26/1000)/(Q79/60) -> 52.1895
L83: b. Gross Rolling Rate (Billet / (5)) | O83: MT/hour | P83: =(C16/1000)/(P75/60) -> 50.80375 | Q83: =(C26/1000)/(Q75/60) -> 43.101641
L84: 12. Gas Consumption | O84: Nmc | P84: 37463 | Q84: ='1'!Q84+'2'!P84+'3'!P84+'4'!P84+'5'!P84+'6'!P84+'7'!P84+'8'!P84+'9'!P84+'10'!P84+'11'!P84+'12'!P84+'13'!P84 -> 280014
O85: Nmc/ T | P85: =P84/(K17/1000) -> 31.157682 | Q85: =Q84/(K27/1000) -> 34.395051
L86: 13. Electricity Consumption | O86: MWH | P86: 198.71 | Q86: ='1'!Q86+'2'!P86+'3'!P86+'4'!P86+'5'!P86+'6'!P86+'7'!P86+'8'!P86+'9'!P86+'10'!P86+'11'!P86+'12'!P86+'13'!P86 -> 1586.26
O87: KWH / T | P87: =(P86*1000)/(K16/1000) -> 165.26554 | Q87: =(Q86*1000)/(K26/1000) -> 195.77081
L88: 14. Water Consumption | O88: M3 | P88: 84 | Q88: ='1'!Q88+'2'!P88+'3'!P88+'4'!P88+'5'!P88+'6'!P88+'7'!P88+'8'!P88+'9'!P88+'10'!P88+'11'!P88+'12'!P88+'13'!P88 -> 1097
O89: M3 / Ton | P89: =P88/(K16/1000) -> 0.069862139 | Q89: =Q88/(K26/1000) -> 0.13538801
N91: SM | P91: GM

Sheet 14
A1: TMS 4 | B1: WR | P1: Page | Q1: 1/2
A2: DAILY PRODUCTION REPORT
A3: ='13'!A3:Q3+1 -> 46036
A4: BILLET | G4: PRODUCT
A5: Rolled | D5: Cobble | G5: A1 | M5: WIP
A6: ID | B6: Pc | C6: Kg | D6: Pc | E6: Kg | F6: % | G6: Type | H6: Section | I6: Grade | J6: Coil | K6: Kg | L6: Yield | M6: Coil | N6: Kg
A7: 5GX-01 | B7: 50 | C7: 105450 | G7: WR | H7: 6.5 | I7: SAE 1015 | J7: 50 | K7: 104326 | L7: =K7/C7 -> 0.98934092
A8: 5HX-04 | B8: 9 | C8: 18954 | G8: WR | H8: 6.5 | I8: SAE 1015 | J8: 9 | K8: 18656 | L8: =K8/C8 -> 0.98427773
A9: 5IX-01 | B9: 12 | C9: 25272 | D9: 1 | E9: 2106 | F9: =E9/C9 -> 0.083333333 | G9: WR | H9: 6.5 | I9: SAE 1015 | J9: 11 | K9: 22949 | L9: =K9/C9 -> 0.90808009
A10: 5LX-02 | B10: 4 | C10: 8376 | G10: WR | H10: 6.5 | I10: SAE 1015 | J10: 4 | K10: 8321 | L10: =K10/C10 -> 0.99343362
A11: 5LX-02 | B11: 43 | C11: 90042 | G11: WR | H11: 6.5 | I11: Bj KR 15 | J11: 43 | K11: 88770 | L11: =K11/C11 -> 0.98587326
A12: 5LX-03 | B12: 72 | C12: 152712 | G12: WR | H12: 18 | I12: Bj KR 8 | J12: 68 | K12: 140152 | L12: =K12/C12 -> 0.91775368 | M12: 4 | N12: 8107
A13: 5LX-03 | B13: 96 | C13: 203616 | G13: WR | H13: 7.5 | I13: Bj KR 8 | J13: 96 | K13: 200884 | L13: =K13/C13 -> 0.98658259
A14: 5LX-02 | B14: 206 | C14: 431364 | D14: 1 | E14: 2094 | F14: =E14/C14 -> 0.0048543689 | G14: WR | H14: 7.5 | I14: SAE 1015 | J14: 203 | K14: 420650 | L14: =K14/C14 -> 0.97516251 | M14: 2 | N14: 4127
G15: WR | L15: =K15/C15 -> #DIV/0!
B16: =SUM(B7:B15) -> 492 | C16: =SUM(C7:C15) -> 1035786 | D16: =SUM(D7:D15) -> 2 | E16: =SUM(E7:E15) -> 4200 | F16: =E16/C16 -> 0.0040548916 | J16: =SUM(J7:J15) -> 484 | K16: =SUM(K7:K15) -> 1004708 | L16: =K16/C16 -> 0.96999573 | M16: =SUM(M7:M15) -> 6 | N16: =SUM(N7:N15) -> 12234
A17: Total Production A1 + WIP | K17: =K16+N16 -> 1016942 | L17: =K17/C16 -> 0.98180705
A18: MONTH-TO-DATE
A19: BILLET | G19: PRODUCT
A20: Rolled | D20: Cobble | G20: A1 | M20: WIP
B21: Pc | C21: Kg | D21: Pc | E21: Kg | F21: % | G21: Type | J21: Coil | K21: Kg | L21: Yield | M21: Coil | N21: Kg
B22: ='13'!B22+'14'!B16 -> 3250 | C22: ='13'!C22+'14'!C16 -> 6876430 | D22: ='13'!D22+'14'!D16 -> 10 | E22: ='13'!E22+'14'!E16 -> 21152 | F22: =E22/C22 -> 0.0030760147 | G22: WR | J22: ='13'!J22+'14'!J16 -> 3219 | K22: ='13'!K22+'14'!K16 -> 6727631 | L22: =K22/C22 -> 0.97836101 | M22: ='13'!M22+'14'!M16 -> 21 | N22: ='13'!N22+'14'!N16 -> 43047
B23: ='13'!B23 -> 1160 | C23: ='13'!C23 -> 2434871 | D23: ='13'!D23 -> 6 | E23: ='13'!E23 -> 12633 | F23: =E23/C23 -> 0.0051883652 | G23: BIC | J23: ='13'!J23 -> 1150 | K23: ='13'!K23 -> 2379715 | L23: =K23/C23 -> 0.97734747 | M23: ='13'!M23 -> 4 | N23: ='13'!N23 -> 7662
B24: ='13'!B24 -> 0 | C24: ='13'!C24 -> 0 | D24: ='13'!D24 -> 0 | E24: ='13'!E24 -> 0 | F24: =E24/C24 -> #DIV/0! | G24: MIC | J24: ='13'!J24 -> 0 | K24: ='13'!K24 -> 0 | L24: =K24/C24 -> #DIV/0! | M24: ='13'!M24 -> 0 | N24: ='13'!N24 -> 0
B26: =SUM(B21:B25) -> 4410 | C26: =SUM(C21:C25) -> 9311301 | D26: =SUM(D21:D25) -> 16 | E26: =SUM(E22:E25) -> 33785 | F26: =E26/C26 -> 0.0036283866 | J26: =SUM(J22:J25) -> 4369 | K26: =SUM(K22:K25) -> 9107346 | L26: =K26/C26 -> 0.97809597 | M26: =SUM(M22:M25) -> 25 | N26: =SUM(N22:N25) -> 50709
A27: Total Production A1 + WIP | K27: =K26+N26 -> 9158055 | L27: =K27/C26 -> 0.98354193
A29: Type | B29: Section | C29: Grade | D29: Coil | E29: Kg | G29: Type | H29: Section | I29: Grade | J29: Coil | K29: Kg | M29: Type | N29: Section | O29: Grade | P29: Coil | Q29: Kg
A30: ='13'!A30 -> BIC | B30: ='13'!B30 -> P.6 | C30: ='13'!C30 -> BjTPG280 | D30: ='13'!D30 -> 239 | E30: ='13'!E30 -> 497038 | G30: ='13'!G30 -> WR | H30: 18 | I30: 8 | J30: =J12 -> 68 | K30: =K12 -> 140152 | M30: ='13'!M30 -> WR | N30: ='13'!N30 -> 0 | O30: ='13'!O30 -> 0 | P30: ='13'!P30 -> 0 | Q30: ='13'!Q30 -> 0
A31: ='13'!A31 -> WR | B31: ='13'!B31 -> 6.5 | C31: ='13'!C31 -> 8 | D31: ='13'!D31 -> 144 | E31: ='13'!E31 -> 301505 | G31: ='13'!G31 -> WR | H31: 7.5 | I31: 8 | J31: =J13 -> 96 | K31: =K13 -> 200884 | M31: ='13'!M31 -> WR | N31: ='13'!N31 -> 0 | O31: ='13'!O31 -> 0 | P31: ='13'!P31 -> 0 | Q31: ='13'!Q31 -> 0
A32: ='13'!A32 -> WR | B32: ='13'!B32 -> 6.5 | C32: ='13'!C32 -> 10 | D32: ='13'!D32 -> 48 | E32: ='13'!E32 -> 99149 | G32: ='13'!G32 -> WR | H32: 7.5 | I32: 15 | J32: =J14 -> 203 | K32: =K14 -> 420650 | M32: ='13'!M32 -> WR | N32: ='13'!N32 -> 0 | O32: ='13'!O32 -> 0 | P32: ='13'!P32 -> 0 | Q32: ='13'!Q32 -> 0
A33: ='13'!A33 -> WR | B33: ='13'!B33 -> 6.5 | C33: ='13'!C33 -> 15 | D33: ='13'!D33 -> 6 | E33: ='13'!E33 -> 12304 | G33: ='13'!G33 -> WR | H33: ='13'!H33 -> 0 | I33: ='13'!I33 -> 0 | J33: ='13'!J33 -> 0 | K33: ='13'!K33 -> 0 | M33: ='13'!M33 -> WR | N33: ='13'!N33 -> 0 | O33: ='13'!O33 -> 0 | P33: ='13'!P33 -> 0 | Q33: ='13'!Q33 -> 0
A34: ='13'!A34 -> WR | B34: ='13'!B34 -> 5.5 | C34: ='13'!C34 -> 6 | D34: ='13'!D34 -> 480 | E34: ='13'!E34 -> 1007562 | G34: ='13'!G34 -> WR | H34: ='13'!H34 -> 0 | I34: ='13'!I34 -> 0 | J34: ='13'!J34 -> 0 | K34: ='13'!K34 -> 0 | M34: ='13'!M34 -> WR | N34: ='13'!N34 -> 0 | O34: ='13'!O34 -> 0 | P34: ='13'!P34 -> 0 | Q34: ='13'!Q34 -> 0
A35: ='13'!A35 -> WR | B35: ='13'!B35 -> 5.5 | C35: ='13'!C35 -> 8.A | D35: ='13'!D35 -> 75 | E35: ='13'!E35 -> 157414 | G35: ='13'!G35 -> WR | H35: ='13'!H35 -> 0 | I35: ='13'!I35 -> 0 | J35: ='13'!J35 -> 0 | K35: ='13'!K35 -> 0 | M35: ='13'!M35 -> WR | N35: ='13'!N35 -> 0 | O35: ='13'!O35 -> 0 | P35: ='13'!P35 -> 0 | Q35: ='13'!Q35 -> 0
A36: ='13'!A36 -> WR | B36: ='13'!B36 -> 5.5 | C36: ='13'!C36 -> 22.A | D36: ='13'!D36 -> 284 | E36: ='13'!E36 -> 593345 | G36: ='13'!G36 -> WR | H36: ='13'!H36 -> 0 | I36: ='13'!I36 -> 0 | J36: ='13'!J36 -> 0 | K36: ='13'!K36 -> 0 | M36: ='13'!M36 -> WR | N36: ='13'!N36 -> 0 | O36: ='13'!O36 -> 0 | P36: ='13'!P36 -> 0 | Q36: ='13'!Q36 -> 0
A37: ='13'!A37 -> WR | B37: ='13'!B37 -> 5.5 | C37: ='13'!C37 -> Y.11 | D37: ='13'!D37 -> 526 | E37: ='13'!E37 -> 1102590 | G37: ='13'!G37 -> WR | H37: ='13'!H37 -> 0 | I37: ='13'!I37 -> 0 | J37: ='13'!J37 -> 0 | K37: ='13'!K37 -> 0 | M37: ='13'!M37 -> WR | N37: ='13'!N37 -> 0 | O37: ='13'!O37 -> 0 | P37: ='13'!P37 -> 0 | Q37: ='13'!Q37 -> 0
A38: ='13'!A38 -> WR | B38: ='13'!B38 -> 5.5 | C38: ='13'!C38 -> 67.A | D38: ='13'!D38 -> 72 | E38: ='13'!E38 -> 152182 | G38: ='13'!G38 -> WR | H38: ='13'!H38 -> 0 | I38: ='13'!I38 -> 0 | J38: ='13'!J38 -> 0 | K38: ='13'!K38 -> 0 | M38: ='13'!M38 -> WR | N38: ='13'!N38 -> 0 | O38: ='13'!O38 -> 0 | P38: ='13'!P38 -> 0 | Q38: ='13'!Q38 -> 0
A39: ='13'!A39 -> BIC | B39: ='13'!B39 -> P.8 | C39: ='13'!C39 -> BjTPG280 | D39: ='13'!D39 -> 240 | E39: ='13'!E39 -> 499780 | G39: ='13'!G39 -> WR | H39: ='13'!H39 -> 0 | I39: ='13'!I39 -> 0 | J39: ='13'!J39 -> 0 | K39: ='13'!K39 -> 0 | M39: ='13'!M39 -> WR | N39: ='13'!N39 -> 0 | O39: ='13'!O39 -> 0 | P39: ='13'!P39 -> 0 | Q39: ='13'!Q39 -> 0
A40: ='13'!A40 -> BIC | B40: ='13'!B40 -> S.8 | C40: ='13'!C40 -> BjTSG420 | D40: ='13'!D40 -> 335 | E40: ='13'!E40 -> 688721 | G40: ='13'!G40 -> WR | H40: ='13'!H40 -> 0 | I40: ='13'!I40 -> 0 | J40: ='13'!J40 -> 0 | K40: ='13'!K40 -> 0 | M40: ='13'!M40 -> WR | N40: ='13'!N40 -> 0 | O40: ='13'!O40 -> 0 | P40: ='13'!P40 -> 0 | Q40: ='13'!Q40 -> 0
A41: ='13'!A41 -> BIC | B41: ='13'!B41 -> S.10 | C41: ='13'!C41 -> BjTSG420 | D41: ='13'!D41 -> 144 | E41: ='13'!E41 -> 295842 | G41: ='13'!G41 -> WR | H41: ='13'!H41 -> 0 | I41: ='13'!I41 -> 0 | J41: ='13'!J41 -> 0 | K41: ='13'!K41 -> 0 | M41: ='13'!M41 -> WR | N41: ='13'!N41 -> 0 | O41: ='13'!O41 -> 0 | P41: ='13'!P41 -> 0 | Q41: ='13'!Q41 -> 0
A42: ='13'!A42 -> WR | B42: ='13'!B42 -> 5.5 | C42: ='13'!C42 -> 8 | D42: ='13'!D42 -> 287 | E42: ='13'!E42 -> 601921 | G42: ='13'!G42 -> WR | H42: ='13'!H42 -> 0 | I42: ='13'!I42 -> 0 | J42: ='13'!J42 -> 0 | K42: ='13'!K42 -> 0 | M42: ='13'!M42 -> WR | N42: ='13'!N42 -> 0 | O42: ='13'!O42 -> 0 | P42: ='13'!P42 -> 0 | Q42: ='13'!Q42 -> 0
A43: ='13'!A43 -> WR | B43: ='13'!B43 -> 5.5 | C43: ='13'!C43 -> 67.B | D43: ='13'!D43 -> 144 | E43: ='13'!E43 -> 304535 | G43: ='13'!G43 -> WR | H43: ='13'!H43 -> 0 | I43: ='13'!I43 -> 0 | J43: ='13'!J43 -> 0 | K43: ='13'!K43 -> 0 | M43: ='13'!M43 -> WR | N43: ='13'!N43 -> 0 | O43: ='13'!O43 -> 0 | P43: ='13'!P43 -> 0 | Q43: ='13'!Q43 -> 0
A44: ='13'!A44 -> BIC | B44: ='13'!B44 -> P.10 | C44: ='13'!C44 -> BjTPG280 | D44: ='13'!D44 -> 144 | E44: ='13'!E44 -> 299930 | G44: ='13'!G44 -> WR | H44: ='13'!H44 -> 0 | I44: ='13'!I44 -> 0 | J44: ='13'!J44 -> 0 | K44: ='13'!K44 -> 0 | M44: ='13'!M44 -> WR | N44: ='13'!N44 -> 0 | O44: ='13'!O44 -> 0 | P44: ='13'!P44 -> 0 | Q44: ='13'!Q44 -> 0
... A48: ='13'!A48 -> WR | B48: ='13'!B48 -> 6.5 | C48: ='13'!C48 -> 8 | D48: ='13'!D48 -> 144 | E48: ='13'!E48 -> 300807 | G48: ='13'!G48 -> WR | H48: ='13'!H48 -> 0 | I48: ='13'!I48 -> 0 | J48: ='13'!J48 -> 0 | K48: ='13'!K48 -> 0 | M48: ='13'!M48 -> WR | N48: ='13'!N48 -> 0 | O48: ='13'!O48 -> 0 | P48: ='13'!P48 -> 0 | Q48: ='13'!Q48 -> 0
A49: ='13'!A49 -> WR | B49: ='13'!B49 -> 6.5 | C49: ='13'!C49 -> 15 | D49: ='13'!D49+J7+J8+J9+J10+J11 -> 119 | E49: ='13'!E49+K7+K8+K9+K10+K11 -> 247182 | G49: ='13'!G49 -> WR | H49: ='13'!H49 -> 0 | I49: ='13'!I49 -> 0 | J49: ='13'!J49 -> 0 | K49: ='13'!K49 -> 0 | M49: ='13'!M49 -> WR | N49: ='13'!N49 -> 0 | O49: ='13'!O49 -> 0 | P49: ='13'!P49 -> 0 | Q49: ='13'!Q49 -> 0
A50: =A1 -> TMS 4 | B50: =B1 -> WR | P50: Page | Q50: 2/2
A51: PRODUCTIVITY & OPERATION REPORT
A52: =A3 -> 46036
A53: Time | B53: Billet Rolled | C53: Cobble | D53: Details of Breakdown | J53: min | L53: Parameter | O53: Unit | P53: D | Q53: M-to-D | R53: TARGET | S53: JML | T53: HARI | U53: HARI
A54: Range | B54: (pcs) | R54: M-to-D | S54: HARI | T54: PRODUKSI | U54: STOP. PRD
A55: 07 - 08 | B55: 26 | L55: Billet Rolled | O55: Kg | P55: =C16 -> 1035786 | Q55: =C26 -> 9311301 | S55: =DAY(A52) -> 14 | T55: =S55-U55 -> 9 | U55: ='13'!U55 -> 5
A56: 08 - 09 | B56: 27 | L56: A1+WIP | O56: Kg | P56: =K17 -> 1016942 | Q56: =K27 -> 9158055
A57: 09 - 10 | B57: 17 | C57: 1 | D57: Kepala material tidak masuk delivery #26 karena terhalang shaving | J57: 25 | L57: Yield | O57: % | P57: =L17 -> 0.98180705 | Q57: =L27 -> 0.98354193 | R57: 0.985
A58: 10 - 11 | B58: 26 | L58: Coble | O58: Kg | P58: =E16 -> 4200 | Q58: =E26 -> 33785
A59: 11 - 12 | B59: 22 | D59: Ganti section. 6.5 - 18.0 | J59: 6 | O59: % | P59: =F16 -> 0.0040548916 | Q59: =F26 -> 0.0036283866 | R59: 0.0015
A60: 12 - 13 | B60: 0 | D60: Ganti section. 6.5 - 18.0 | J60: 60 | L60: 1. Working Time Available | O60: min | P60: 1440 | Q60: ='1'!Q60+'2'!P60+'3'!P60+'4'!P60+'5'!P60+'6'!P60+'7'!P60+'8'!P60+'9'!P60+'10'!P60+'11'!P60+'12'!P60+'13'!P60+'14'!P60 -> 20160
A61: 13 - 14 | B61: 3 | D61: Ganti section. 6.5 - 18.0(24) ; check section(24) ; check visual. Coil luka(6) | J61: 54 | L61: 2. Planned Stoppage (a+b+c) | O61: min | P61: =SUM(P62:P64) -> 0 | Q61: ='1'!Q61+'2'!P61+'3'!P61+'4'!P61+'5'!P61+'6'!P61+'7'!P61+'8'!P61+'9'!P61+'10'!P61+'11'!P61+'12'!P61+'13'!P61+'14'!P61 -> 7200
A62: 14 - 15 | B62: 18 | D62: Check visual. Coil luka | J62: 17 | L62: a. Shut Down | O62: min | P62: 0 | Q62: ='1'!Q62+'2'!P62+'3'!P62+'4'!P62+'5'!P62+'6'!P62+'7'!P62+'8'!P62+'9'!P62+'10'!P62+'11'!P62+'12'!P62+'13'!P62+'14'!P62 -> 7200
A63: 15 - 16 | B63: 20 | D63: TM2 tidak bisa ikat. Tali lolos dari arrival clamp | J63: 17 | L63: b. Peak Hour | O63: min | P63: 0 | Q63: ='1'!Q63+'2'!P63+'3'!P63+'4'!P63+'5'!P63+'6'!P63+'7'!P63+'8'!P63+'9'!P63+'10'!P63+'11'!P63+'12'!P63+'13'!P63+'14'!P63 -> 0
A64: 16 - 17 | B64: 18 | D64: Compacting terlambat. Karena pasang protektor coil | J64: 20 | L64: c. Others | O64: min | P64: 0 | Q64: ='1'!Q64+'2'!P64+'3'!P64+'4'!P64+'5'!P64+'6'!P64+'7'!P64+'8'!P64+'9'!P64+'10'!P64+'11'!P64+'12'!P64+'13'!P64+'14'!P64 -> 0 | S64: 4.1 Detail Cobble | V64: D | W64: M-to-D
A65: 17 - 18 | B65: 13 | D65: Ganti section. 18.0 - 7.5 | J65: 27 | L65: 3. Delay Maintenance (a+b+c) | O65: min | P65: =SUM(P66:P68) -> 213 | Q65: ='1'!Q65+'2'!P65+'3'!P65+'4'!P65+'5'!P65+'6'!P65+'7'!P65+'8'!P65+'9'!P65+'10'!P65+'11'!P65+'12'!P65+'13'!P65+'14'!P65 -> 1606 | S65: a. Operation | U65: Pcs | W65: =+'13'!W65+'14'!V65 -> 8
A66: 18 - 19 | B66: 9 | D66: Ganti section. 18.0 - 7.5(33) ; Check section(5) | J66: 38 | L66: a. Daily Maintenance | O66: min | P66: 0 | Q66: ='1'!Q66+'2'!P66+'3'!P66+'4'!P66+'5'!P66+'6'!P66+'7'!P66+'8'!P66+'9'!P66+'10'!P66+'11'!P66+'12'!P66+'13'!P66+'14'!P66 -> 0 | S66: b. Mechanical | U66: Pcs | V66: 1 | W66: =+'13'!W66+'14'!V66 -> 6
A67: 19 - 20 | B67: 27 | L67: b. Section / Pass / Grade Change | O67: min | P67: 181 | Q67: ='1'!Q67+'2'!P67+'3'!P67+'4'!P67+'5'!P67+'6'!P67+'7'!P67+'8'!P67+'9'!P67+'10'!P67+'11'!P67+'12'!P67+'13'!P67+'14'!P67 -> 1399 | S67: c. Electrical | U67: Pcs | W67: =+'13'!W67+'14'!V67 -> 0
A68: 20 - 21 | B68: 27 | L68: c. Section Setting | O68: min | P68: 32 | Q68: ='1'!Q68+'2'!P68+'3'!P68+'4'!P68+'5'!P68+'6'!P68+'7'!P68+'8'!P68+'9'!P68+'10'!P68+'11'!P68+'12'!P68+'13'!P68+'14'!P68 -> 207 | S68: d. Material / Billet Defect | U68: Pcs | V68: 1 | W68: =+'13'!W68+'14'!V68 -> 2
A69: 21 - 22 | B69: 26 | L69: 4. Break Down | O69: min | P69: =SUM(P70:P74) -> 117 | Q69: ='1'!Q69+'2'!P69+'3'!P69+'4'!P69+'5'!P69+'6'!P69+'7'!P69+'8'!P69+'9'!P69+'10'!P69+'11'!P69+'12'!P69+'13'!P69+'14'!P69 -> 729 | S69: e. Un-Controllable | U69: Pcs | W69: =+'13'!W69+'14'!V69 -> 0
A70: 22 - 23 | B70: 27 | D70: Grade change. 1008 - 1015 | J70: 1 | L70: a. Operation | O70: min | P70: 71 | Q70: ='1'!Q70+'2'!P70+'3'!P70+'4'!P70+'5'!P70+'6'!P70+'7'!P70+'8'!P70+'9'!P70+'10'!P70+'11'!P70+'12'!P70+'13'!P70+'14'!P70 -> 378 | R70: =T55*30 -> 270
A71: 23 - 24 | B71: 28 | L71: b. Mechanical | O71: min | P71: 21 | Q71: ='1'!Q71+'2'!P71+'3'!P71+'4'!P71+'5'!P71+'6'!P71+'7'!P71+'8'!P71+'9'!P71+'10'!P71+'11'!P71+'12'!P71+'13'!P71+'14'!P71 -> 283 | R71: =T55*25 -> 225
A72: 24 - 01 | B72: 25 | D72: Ganti entry box #16. roller bagian atas rusak | J72: 3 | L72: c. Electrical | O72: min | P72: 0 | Q72: ='1'!Q72+'2'!P72+'3'!P72+'4'!P72+'5'!P72+'6'!P72+'7'!P72+'8'!P72+'9'!P72+'10'!P72+'11'!P72+'12'!P72+'13'!P72+'14'!P72 -> 19 | R72: =T55*10 -> 90
A73: 01 - 02 | B73: 28 | L73: d. Material / Billet Defect | O73: min | P73: 25 | Q73: ='1'!Q73+'2'!P73+'3'!P73+'4'!P73+'5'!P73+'6'!P73+'7'!P73+'8'!P73+'9'!P73+'10'!P73+'11'!P73+'12'!P73+'13'!P73+'14'!P73 -> 49
A74: 02 - 03 | B74: 27 | L74: e. Un-Controllable | O74: min | P74: 0 | Q74: ='1'!Q74+'2'!P74+'3'!P74+'4'!P74+'5'!P74+'6'!P74+'7'!P74+'8'!P74+'9'!P74+'10'!P74+'11'!P74+'12'!P74+'13'!P74+'14'!P74 -> 0
A75: 03 - 04 | B75: 27 | L75: 5. Production Time Available (1-2) | O75: min | P75: =P60-P61 -> 1440 | Q75: ='1'!Q75+'2'!P75+'3'!P75+'4'!P75+'5'!P75+'6'!P75+'7'!P75+'8'!P75+'9'!P75+'10'!P75+'11'!P75+'12'!P75+'13'!P75+'14'!P75 -> 12960
A76: 04 - 05 | B76: 11 | D76: Maint. Ganti pass #24, TC ring #23 ; entry box #12 - #24(30) ; check section(3) | J76: 33 | L76: 6. Registered Delay (3+4) | O76: min | P76: =P65+P69 -> 330 | Q76: ='1'!Q76+'2'!P76+'3'!P76+'4'!P76+'5'!P76+'6'!P76+'7'!P76+'8'!P76+'9'!P76+'10'!P76+'11'!P76+'12'!P76+'13'!P76+'14'!P76 -> 2335
A77: 05 - 06 | B77: 27 | L77: 7. Delay Counter | O77: min | P77: 330 | Q77: ='1'!Q77+'2'!P77+'3'!P77+'4'!P77+'5'!P77+'6'!P77+'7'!P77+'8'!P77+'9'!P77+'10'!P77+'11'!P77+'12'!P77+'13'!P77+'14'!P77 -> 2336
A78: 06 - 07 | B78: 13 | C78: 1 | D78: Check FFB. Side coil miring(25) ; Emergency cooling conveyor. Roll sect #2 berhenti. Rantai lepas(4) | J78: 29 | L78: 8. Slow Rolling (7-6) | O78: min | P78: =+P77-P76 -> 0 | Q78: ='1'!Q78+'2'!P78+'3'!P78+'4'!P78+'5'!P78+'6'!P78+'7'!P78+'8'!P78+'9'!P78+'10'!P78+'11'!P78+'12'!P78+'13'!P78+'14'!P78 -> 1
B79: =SUM(B55:B78) -> 492 | C79: =SUM(C55:C78) -> 2 | J79: =SUM(J55:J78) -> 330 | L79: 9. Effective Production Time (5-6-8) | O79: min | P79: =+P75-P76-P78 -> 1110 | Q79: ='1'!Q79+'2'!P79+'3'!P79+'4'!P79+'5'!P79+'6'!P79+'7'!P79+'8'!P79+'9'!P79+'10'!P79+'11'!P79+'12'!P79+'13'!P79+'14'!P79 -> 10624
L80: 10. a. Nett Utilization (9/5) | O80: % | P80: =P79/P75 -> 0.77083333 | Q80: =Q79/Q75 -> 0.81975309 | R80: 0.86
A81: NOTES | L81: b. Gross Utilization (9/1) | O81: % | P81: =P79/P60 -> 0.77083333 | Q81: =Q79/Q60 -> 0.52698413
L82: 11. a. Nett Rolling Rate (Billet / (9)) | O82: MT/hour | P82: =(C16/1000)/(P79/60) -> 55.988432 | Q82: =(C26/1000)/(Q79/60) -> 52.586414
L83: b. Gross Rolling Rate (Billet / (5)) | O83: MT/hour | P83: =(C16/1000)/(P75/60) -> 43.15775 | Q83: =(C26/1000)/(Q75/60) -> 43.107875
L84: 12. Gas Consumption | O84: Nmc | P84: 33395 | Q84: ='1'!Q84+'2'!P84+'3'!P84+'4'!P84+'5'!P84+'6'!P84+'7'!P84+'8'!P84+'9'!P84+'10'!P84+'11'!P84+'12'!P84+'13'!P84+'14'!P84 -> 313409
O85: Nmc/ T | P85: =P84/(K17/1000) -> 32.838648 | Q85: =Q84/(K27/1000) -> 34.222223
L86: 13. Electricity Consumption | O86: MWH | P86: 181.52 | Q86: ='1'!Q86+'2'!P86+'3'!P86+'4'!P86+'5'!P86+'6'!P86+'7'!P86+'8'!P86+'9'!P86+'10'!P86+'11'!P86+'12'!P86+'13'!P86+'14'!P86 -> 1767.78
O87: KWH / T | P87: =(P86*1000)/(K16/1000) -> 180.66941 | Q87: =(Q86*1000)/(K26/1000) -> 194.10485
L88: 14. Water Consumption | O88: M3 | P88: 90 | Q88: ='1'!Q88+'2'!P88+'3'!P88+'4'!P88+'5'!P88+'6'!P88+'7'!P88+'8'!P88+'9'!P88+'10'!P88+'11'!P88+'12'!P88+'13'!P88+'14'!P88 -> 1187
O89: M3 / Ton | P89: =P88/(K16/1000) -> 0.089578266 | Q89: =Q88/(K26/1000) -> 0.13033435
N91: SM | P91: GM

Sheet 15
A1: TMS 4 | B1: WR | P1: Page | Q1: 1/2
A2: DAILY PRODUCTION REPORT
A3: ='14'!A3:Q3+1 -> 46037
A4: BILLET | G4: PRODUCT
A5: Rolled | D5: Cobble | G5: A1 | M5: WIP
A6: ID | B6: Pc | C6: Kg | D6: Pc | E6: Kg | F6: % | G6: Type | H6: Section | I6: Grade | J6: Coil | K6: Kg | L6: Yield | M6: Coil | N6: Kg
A7: 5LX-02 | B7: 271 | C7: 567474 | G7: WR | H7: 7.5 | I7: SAE 1015 | J7: 271 | K7: 561288 | L7: =K7/C7 -> 0.98909906
A8: 5KX-06 | B8: 293 | C8: 620867 | D8: 1 | E8: 2119 | F8: =E8/C8 -> 0.0034129693 | G8: WR | H8: 5.5 | I8: Bj KR 6 | J8: 292 | K8: 612456 | L8: =K8/C8 -> 0.98645282
G9: WR | L9: =K9/C9 -> #DIV/0!
G10: WR | L10: =K10/C10 -> #DIV/0!
G11: WR | L11: =K11/C11 -> #DIV/0!
G12: WR | L12: =K12/C12 -> #DIV/0!
G13: WR | L13: =K13/C13 -> #DIV/0!
G14: WR | L14: =K14/C14 -> #DIV/0!
G15: WR | L15: =K15/C15 -> #DIV/0!
B16: =SUM(B7:B15) -> 564 | C16: =SUM(C7:C15) -> 1188341 | D16: =SUM(D7:D15) -> 1 | E16: =SUM(E7:E15) -> 2119 | F16: =E16/C16 -> 0.0017831582 | J16: =SUM(J7:J15) -> 563 | K16: =SUM(K7:K15) -> 1173744 | L16: =K16/C16 -> 0.98771649 | M16: =SUM(M7:M15) -> 0 | N16: =SUM(N7:N15) -> 0
A17: Total Production A1 + WIP | K17: =K16+N16 -> 1173744 | L17: =K17/C16 -> 0.98771649
A18: MONTH-TO-DATE
A19: BILLET | G19: PRODUCT
A20: Rolled | D20: Cobble | G20: A1 | M20: WIP
